,train_id,subject,accuracy,correct,incorrect,error_rate,batch_size,epochs
0,29102024_110803,sentiment,"87,91208791208791",80,11,"12,087912087912088",30,10
1,29102024_110803,only-pos-neg-neu,"84,61538461538461",77,14,"15,384615384615385",30,10
2,29102024_110803,only-year-compound,"90,10989010989012",82,9,"9,89010989010989",30,10
3,29102024_110803,only-text,"89,01098901098901",81,10,"10,989010989010989",30,10
4,29102024_110803,only-year,"92,3076923076923",84,7,"7,6923076923076925",30,10
5,29102024_110803,only-compound,"84,61538461538461",77,14,"15,384615384615385",30,10
6,29102024_111126,sentiment,"86,81318681318682",79,12,"13,186813186813188",30,10
7,29102024_111126,only-pos-neg-neu,"72,52747252747253",66,25,"27,472527472527474",30,10
8,29102024_111126,only-year-compound,"75,82417582417582",69,22,"24,175824175824175",30,10
9,29102024_111126,only-text,"76,92307692307693",70,21,"23,076923076923077",30,10
10,29102024_111126,only-year,"78,02197802197803",71,20,"21,978021978021978",30,10
11,29102024_111126,only-compound,"74,72527472527473",68,23,"25,274725274725274",30,10
12,29102024_111447,sentiment,"80,21978021978022",73,18,"19,78021978021978",30,10
13,29102024_111447,only-pos-neg-neu,"84,61538461538461",77,14,"15,384615384615385",30,10
14,29102024_111447,only-year-compound,"84,61538461538461",77,14,"15,384615384615385",30,10
15,29102024_111447,only-text,"79,12087912087912",72,19,"20,87912087912088",30,10
16,29102024_111447,only-year,"89,01098901098901",81,10,"10,989010989010989",30,10
17,29102024_111447,only-compound,"83,51648351648352",76,15,"16,483516483516482",30,10
18,29102024_111809,sentiment,"84,61538461538461",77,14,"15,384615384615385",30,10
19,29102024_111809,only-pos-neg-neu,"75,82417582417582",69,22,"24,175824175824175",30,10
20,29102024_111809,only-year-compound,"84,61538461538461",77,14,"15,384615384615385",30,10
21,29102024_111809,only-text,"80,21978021978022",73,18,"19,78021978021978",30,10
22,29102024_111809,only-year,"92,3076923076923",84,7,"7,6923076923076925",30,10
23,29102024_111809,only-compound,"81,31868131868131",74,17,"18,681318681318682",30,10
24,29102024_112140,sentiment,"85,71428571428571",78,13,"14,285714285714285",30,10
25,29102024_112140,only-pos-neg-neu,"90,10989010989012",82,9,"9,89010989010989",30,10
26,29102024_112140,only-year-compound,"92,3076923076923",84,7,"7,6923076923076925",30,10
27,29102024_112140,only-text,"87,91208791208791",80,11,"12,087912087912088",30,10
28,29102024_112140,only-year,"94,5054945054945",86,5,"5,4945054945054945",30,10
29,29102024_112140,only-compound,"85,71428571428571",78,13,"14,285714285714285",30,10
30,29102024_112530,sentiment,"81,31868131868131",74,17,"18,681318681318682",30,10
31,29102024_112530,only-pos-neg-neu,"89,01098901098901",81,10,"10,989010989010989",30,10
32,29102024_112530,only-year-compound,"90,10989010989012",82,9,"9,89010989010989",30,10
33,29102024_112530,only-text,"85,71428571428571",78,13,"14,285714285714285",30,10
34,29102024_112530,only-year,"93,4065934065934",85,6,"6,593406593406594",30,10
35,29102024_112530,only-compound,"90,10989010989012",82,9,"9,89010989010989",30,10
36,29102024_112921,sentiment,"81,31868131868131",74,17,"18,681318681318682",30,10
37,29102024_112921,only-pos-neg-neu,"84,61538461538461",77,14,"15,384615384615385",30,10
38,29102024_112921,only-year-compound,"87,91208791208791",80,11,"12,087912087912088",30,10
39,29102024_112921,only-text,"78,02197802197803",71,20,"21,978021978021978",30,10
40,29102024_112921,only-year,"90,10989010989012",82,9,"9,89010989010989",30,10
41,29102024_112921,only-compound,"85,71428571428571",78,13,"14,285714285714285",30,10
42,29102024_113323,sentiment,"82,41758241758241",75,16,"17,582417582417584",30,10
43,29102024_113323,only-pos-neg-neu,"84,61538461538461",77,14,"15,384615384615385",30,10
44,29102024_113323,only-year-compound,"83,51648351648352",76,15,"16,483516483516482",30,10
45,29102024_113323,only-text,"80,21978021978022",73,18,"19,78021978021978",30,10
46,29102024_113323,only-year,"89,01098901098901",81,10,"10,989010989010989",30,10
47,29102024_113323,only-compound,"84,61538461538461",77,14,"15,384615384615385",30,10
48,29102024_113725,sentiment,"81,31868131868131",74,17,"18,681318681318682",30,10
49,29102024_113725,only-pos-neg-neu,"81,31868131868131",74,17,"18,681318681318682",30,10
50,29102024_113725,only-year-compound,"85,71428571428571",78,13,"14,285714285714285",30,10
51,29102024_113725,only-text,"79,12087912087912",72,19,"20,87912087912088",30,10
52,29102024_113725,only-year,"90,10989010989012",82,9,"9,89010989010989",30,10
53,29102024_113725,only-compound,"82,41758241758241",75,16,"17,582417582417584",30,10
54,29102024_114049,sentiment,"81,31868131868131",74,17,"18,681318681318682",30,10
55,29102024_114049,only-pos-neg-neu,"80,21978021978022",73,18,"19,78021978021978",30,10
56,29102024_114049,only-year-compound,"84,61538461538461",77,14,"15,384615384615385",30,10
57,29102024_114049,only-text,"80,21978021978022",73,18,"19,78021978021978",30,10
58,29102024_114049,only-year,"86,81318681318682",79,12,"13,186813186813188",30,10
59,29102024_114049,only-compound,"81,31868131868131",74,17,"18,681318681318682",30,10
60,29102024_114434,sentiment,"82,41758241758241",75,16,"17,582417582417584",30,10
61,29102024_114434,only-pos-neg-neu,"70,32967032967034",64,27,"29,67032967032967",30,10
62,29102024_114434,only-year-compound,"83,51648351648352",76,15,"16,483516483516482",30,10
63,29102024_114434,only-text,"69,23076923076923",63,28,"30,76923076923077",30,10
64,29102024_114434,only-year,"82,41758241758241",75,16,"17,582417582417584",30,10
65,29102024_114434,only-compound,"73,62637362637363",67,24,"26,373626373626376",30,10
66,29102024_114825,sentiment,"83,51648351648352",76,15,"16,483516483516482",30,10
67,29102024_114825,only-pos-neg-neu,"82,41758241758241",75,16,"17,582417582417584",30,10
68,29102024_114825,only-year-compound,"84,61538461538461",77,14,"15,384615384615385",30,10
69,29102024_114825,only-text,"73,62637362637363",67,24,"26,373626373626376",30,10
70,29102024_114825,only-year,"84,61538461538461",77,14,"15,384615384615385",30,10
71,29102024_114825,only-compound,"83,51648351648352",76,15,"16,483516483516482",30,10
72,29102024_115215,sentiment,"73,62637362637363",67,24,"26,373626373626376",30,10
73,29102024_115215,only-pos-neg-neu,"83,51648351648352",76,15,"16,483516483516482",30,10
74,29102024_115215,only-year-compound,"91,20879120879121",83,8,"8,791208791208792",30,10
75,29102024_115215,only-text,"87,91208791208791",80,11,"12,087912087912088",30,10
76,29102024_115215,only-year,"83,51648351648352",76,15,"16,483516483516482",30,10
77,29102024_115215,only-compound,"84,61538461538461",77,14,"15,384615384615385",30,10
78,29102024_115612,sentiment,"75,82417582417582",69,22,"24,175824175824175",30,10
79,29102024_115612,only-pos-neg-neu,"73,62637362637363",67,24,"26,373626373626376",30,10
80,29102024_115612,only-year-compound,"75,82417582417582",69,22,"24,175824175824175",30,10
81,29102024_115612,only-text,"73,62637362637363",67,24,"26,373626373626376",30,10
82,29102024_115612,only-year,"78,02197802197803",71,20,"21,978021978021978",30,10
83,29102024_115612,only-compound,"74,72527472527473",68,23,"25,274725274725274",30,10
84,29102024_120015,sentiment,"82,41758241758241",75,16,"17,582417582417584",30,10
85,29102024_120015,only-pos-neg-neu,"74,72527472527473",68,23,"25,274725274725274",30,10
86,29102024_120015,only-year-compound,"82,41758241758241",75,16,"17,582417582417584",30,10
87,29102024_120015,only-text,"81,31868131868131",74,17,"18,681318681318682",30,10
88,29102024_120015,only-year,"86,81318681318682",79,12,"13,186813186813188",30,10
89,29102024_120015,only-compound,"75,82417582417582",69,22,"24,175824175824175",30,10
90,29102024_120413,sentiment,"81,31868131868131",74,17,"18,681318681318682",30,10
91,29102024_120413,only-pos-neg-neu,"81,31868131868131",74,17,"18,681318681318682",30,10
92,29102024_120413,only-year-compound,"90,10989010989012",82,9,"9,89010989010989",30,10
93,29102024_120413,only-text,"83,51648351648352",76,15,"16,483516483516482",30,10
94,29102024_120413,only-year,"84,61538461538461",77,14,"15,384615384615385",30,10
95,29102024_120413,only-compound,"82,41758241758241",75,16,"17,582417582417584",30,10
96,29102024_120812,sentiment,"82,41758241758241",75,16,"17,582417582417584",30,10
97,29102024_120812,only-pos-neg-neu,"73,62637362637363",67,24,"26,373626373626376",30,10
98,29102024_120812,only-year-compound,"79,12087912087912",72,19,"20,87912087912088",30,10
99,29102024_120812,only-text,"73,62637362637363",67,24,"26,373626373626376",30,10
100,29102024_120812,only-year,"81,31868131868131",74,17,"18,681318681318682",30,10
101,29102024_120812,only-compound,"75,82417582417582",69,22,"24,175824175824175",30,10
102,29102024_121209,sentiment,"79,12087912087912",72,19,"20,87912087912088",30,10
103,29102024_121209,only-pos-neg-neu,"81,31868131868131",74,17,"18,681318681318682",30,10
104,29102024_121209,only-year-compound,"85,71428571428571",78,13,"14,285714285714285",30,10
105,29102024_121209,only-text,"83,51648351648352",76,15,"16,483516483516482",30,10
106,29102024_121209,only-year,"87,91208791208791",80,11,"12,087912087912088",30,10
107,29102024_121209,only-compound,"84,61538461538461",77,14,"15,384615384615385",30,10
108,29102024_121607,sentiment,"81,31868131868131",74,17,"18,681318681318682",30,10
109,29102024_121607,only-pos-neg-neu,"76,92307692307693",70,21,"23,076923076923077",30,10
110,29102024_121607,only-year-compound,"85,71428571428571",78,13,"14,285714285714285",30,10
111,29102024_121607,only-text,"81,31868131868131",74,17,"18,681318681318682",30,10
112,29102024_121607,only-year,"85,71428571428571",78,13,"14,285714285714285",30,10
113,29102024_121607,only-compound,"79,12087912087912",72,19,"20,87912087912088",30,10
114,29102024_121957,sentiment,"80,21978021978022",73,18,"19,78021978021978",30,10
115,29102024_121957,only-pos-neg-neu,"72,52747252747253",66,25,"27,472527472527474",30,10
116,29102024_121957,only-year-compound,"80,21978021978022",73,18,"19,78021978021978",30,10
117,29102024_121957,only-text,"72,52747252747253",66,25,"27,472527472527474",30,10
118,29102024_121957,only-year,"78,02197802197803",71,20,"21,978021978021978",30,10
119,29102024_121957,only-compound,"72,52747252747253",66,25,"27,472527472527474",30,10
120,29102024_122339,sentiment,"84,61538461538461",77,14,"15,384615384615385",30,10
121,29102024_122339,only-pos-neg-neu,"82,41758241758241",75,16,"17,582417582417584",30,10
122,29102024_122339,only-year-compound,"87,91208791208791",80,11,"12,087912087912088",30,10
123,29102024_122339,only-text,"83,51648351648352",76,15,"16,483516483516482",30,10
124,29102024_122339,only-year,"83,51648351648352",76,15,"16,483516483516482",30,10
125,29102024_122339,only-compound,"84,61538461538461",77,14,"15,384615384615385",30,10
126,29102024_122747,sentiment,"83,51648351648352",76,15,"16,483516483516482",30,10
127,29102024_122747,only-pos-neg-neu,"80,21978021978022",73,18,"19,78021978021978",30,10
128,29102024_122747,only-year-compound,"90,10989010989012",82,9,"9,89010989010989",30,10
129,29102024_122747,only-text,"78,02197802197803",71,20,"21,978021978021978",30,10
130,29102024_122747,only-year,"84,61538461538461",77,14,"15,384615384615385",30,10
131,29102024_122747,only-compound,"81,31868131868131",74,17,"18,681318681318682",30,10
132,29102024_123153,sentiment,"78,02197802197803",71,20,"21,978021978021978",30,10
133,29102024_123153,only-pos-neg-neu,"82,41758241758241",75,16,"17,582417582417584",30,10
134,29102024_123153,only-year-compound,"90,10989010989012",82,9,"9,89010989010989",30,10
135,29102024_123153,only-text,"82,41758241758241",75,16,"17,582417582417584",30,10
136,29102024_123153,only-year,"92,3076923076923",84,7,"7,6923076923076925",30,10
137,29102024_123153,only-compound,"87,91208791208791",80,11,"12,087912087912088",30,10
138,29102024_123600,sentiment,"75,82417582417582",69,22,"24,175824175824175",30,10
139,29102024_123600,only-pos-neg-neu,"92,3076923076923",84,7,"7,6923076923076925",30,10
140,29102024_123600,only-year-compound,"95,6043956043956",87,4,"4,395604395604396",30,10
141,29102024_123600,only-text,"91,20879120879121",83,8,"8,791208791208792",30,10
142,29102024_123600,only-year,"96,7032967032967",88,3,"3,296703296703297",30,10
143,29102024_123600,only-compound,"87,91208791208791",80,11,"12,087912087912088",30,10
144,29102024_123950,sentiment,"80,21978021978022",73,18,"19,78021978021978",30,10
145,29102024_123950,only-pos-neg-neu,"81,31868131868131",74,17,"18,681318681318682",30,10
146,29102024_123950,only-year-compound,"87,91208791208791",80,11,"12,087912087912088",30,10
147,29102024_123950,only-text,"79,12087912087912",72,19,"20,87912087912088",30,10
148,29102024_123950,only-year,"84,61538461538461",77,14,"15,384615384615385",30,10
149,29102024_123950,only-compound,"82,41758241758241",75,16,"17,582417582417584",30,10
150,29102024_124348,sentiment,"83,51648351648352",76,15,"16,483516483516482",30,10
151,29102024_124348,only-pos-neg-neu,"92,3076923076923",84,7,"7,6923076923076925",30,10
152,29102024_124348,only-year-compound,"89,01098901098901",81,10,"10,989010989010989",30,10
153,29102024_124348,only-text,"89,01098901098901",81,10,"10,989010989010989",30,10
154,29102024_124348,only-year,"91,20879120879121",83,8,"8,791208791208792",30,10
155,29102024_124348,only-compound,"89,01098901098901",81,10,"10,989010989010989",30,10
156,29102024_124726,sentiment,"84,61538461538461",77,14,"15,384615384615385",30,10
157,29102024_124726,only-pos-neg-neu,"90,10989010989012",82,9,"9,89010989010989",30,10
158,29102024_124726,only-year-compound,"91,20879120879121",83,8,"8,791208791208792",30,10
159,29102024_124726,only-text,"87,91208791208791",80,11,"12,087912087912088",30,10
160,29102024_124726,only-year,"81,31868131868131",74,17,"18,681318681318682",30,10
161,29102024_124726,only-compound,"80,21978021978022",73,18,"19,78021978021978",30,10
162,29102024_125108,sentiment,"83,51648351648352",76,15,"16,483516483516482",30,10
163,29102024_125108,only-pos-neg-neu,"81,31868131868131",74,17,"18,681318681318682",30,10
164,29102024_125108,only-year-compound,"84,61538461538461",77,14,"15,384615384615385",30,10
165,29102024_125108,only-text,"84,61538461538461",77,14,"15,384615384615385",30,10
166,29102024_125108,only-year,"86,81318681318682",79,12,"13,186813186813188",30,10
167,29102024_125108,only-compound,"81,31868131868131",74,17,"18,681318681318682",30,10
168,29102024_125441,sentiment,"80,21978021978022",73,18,"19,78021978021978",30,10
169,29102024_125441,only-pos-neg-neu,"80,21978021978022",73,18,"19,78021978021978",30,10
170,29102024_125441,only-year-compound,"86,81318681318682",79,12,"13,186813186813188",30,10
171,29102024_125441,only-text,"79,12087912087912",72,19,"20,87912087912088",30,10
172,29102024_125441,only-year,"86,81318681318682",79,12,"13,186813186813188",30,10
173,29102024_125441,only-compound,"81,31868131868131",74,17,"18,681318681318682",30,10
174,29102024_125815,sentiment,"90,10989010989012",82,9,"9,89010989010989",30,10
175,29102024_125815,only-pos-neg-neu,"74,72527472527473",68,23,"25,274725274725274",30,10
176,29102024_125815,only-year-compound,"85,71428571428571",78,13,"14,285714285714285",30,10
177,29102024_125815,only-text,"75,82417582417582",69,22,"24,175824175824175",30,10
178,29102024_125815,only-year,"86,81318681318682",79,12,"13,186813186813188",30,10
179,29102024_125815,only-compound,"82,41758241758241",75,16,"17,582417582417584",30,10
180,29102024_130148,sentiment,"83,51648351648352",76,15,"16,483516483516482",30,10
181,29102024_130148,only-pos-neg-neu,"85,71428571428571",78,13,"14,285714285714285",30,10
182,29102024_130148,only-year-compound,"93,4065934065934",85,6,"6,593406593406594",30,10
183,29102024_130148,only-text,"87,91208791208791",80,11,"12,087912087912088",30,10
184,29102024_130148,only-year,"87,91208791208791",80,11,"12,087912087912088",30,10
185,29102024_130148,only-compound,"82,41758241758241",75,16,"17,582417582417584",30,10
186,29102024_130519,sentiment,"78,02197802197803",71,20,"21,978021978021978",30,10
187,29102024_130519,only-pos-neg-neu,"82,41758241758241",75,16,"17,582417582417584",30,10
188,29102024_130519,only-year-compound,"91,20879120879121",83,8,"8,791208791208792",30,10
189,29102024_130519,only-text,"78,02197802197803",71,20,"21,978021978021978",30,10
190,29102024_130519,only-year,"94,5054945054945",86,5,"5,4945054945054945",30,10
191,29102024_130519,only-compound,"80,21978021978022",73,18,"19,78021978021978",30,10
192,29102024_130851,sentiment,"82,41758241758241",75,16,"17,582417582417584",30,10
193,29102024_130851,only-pos-neg-neu,"84,61538461538461",77,14,"15,384615384615385",30,10
194,29102024_130851,only-year-compound,"83,51648351648352",76,15,"16,483516483516482",30,10
195,29102024_130851,only-text,"78,02197802197803",71,20,"21,978021978021978",30,10
196,29102024_130851,only-year,"84,61538461538461",77,14,"15,384615384615385",30,10
197,29102024_130851,only-compound,"79,12087912087912",72,19,"20,87912087912088",30,10
198,29102024_131221,sentiment,"84,61538461538461",77,14,"15,384615384615385",30,10
199,29102024_131221,only-pos-neg-neu,"73,62637362637363",67,24,"26,373626373626376",30,10
200,29102024_131221,only-year-compound,"78,02197802197803",71,20,"21,978021978021978",30,10
201,29102024_131221,only-text,"70,32967032967034",64,27,"29,67032967032967",30,10
202,29102024_131221,only-year,"78,02197802197803",71,20,"21,978021978021978",30,10
203,29102024_131221,only-compound,"74,72527472527473",68,23,"25,274725274725274",30,10
204,29102024_131548,sentiment,"90,10989010989012",82,9,"9,89010989010989",30,10
205,29102024_131548,only-pos-neg-neu,"90,10989010989012",82,9,"9,89010989010989",30,10
206,29102024_131548,only-year-compound,"90,10989010989012",82,9,"9,89010989010989",30,10
207,29102024_131548,only-text,"89,01098901098901",81,10,"10,989010989010989",30,10
208,29102024_131548,only-year,"90,10989010989012",82,9,"9,89010989010989",30,10
209,29102024_131548,only-compound,"91,20879120879121",83,8,"8,791208791208792",30,10
210,29102024_131917,sentiment,"83,51648351648352",76,15,"16,483516483516482",30,10
211,29102024_131917,only-pos-neg-neu,"79,12087912087912",72,19,"20,87912087912088",30,10
212,29102024_131917,only-year-compound,"93,4065934065934",85,6,"6,593406593406594",30,10
213,29102024_131917,only-text,"82,41758241758241",75,16,"17,582417582417584",30,10
214,29102024_131917,only-year,"89,01098901098901",81,10,"10,989010989010989",30,10
215,29102024_131917,only-compound,"84,61538461538461",77,14,"15,384615384615385",30,10
216,29102024_132251,sentiment,"81,31868131868131",74,17,"18,681318681318682",30,10
217,29102024_132251,only-pos-neg-neu,"83,51648351648352",76,15,"16,483516483516482",30,10
218,29102024_132251,only-year-compound,"84,61538461538461",77,14,"15,384615384615385",30,10
219,29102024_132251,only-text,"80,21978021978022",73,18,"19,78021978021978",30,10
220,29102024_132251,only-year,"85,71428571428571",78,13,"14,285714285714285",30,10
221,29102024_132251,only-compound,"75,82417582417582",69,22,"24,175824175824175",30,10
222,29102024_132622,sentiment,"80,21978021978022",73,18,"19,78021978021978",30,10
223,29102024_132622,only-pos-neg-neu,"80,21978021978022",73,18,"19,78021978021978",30,10
224,29102024_132622,only-year-compound,"83,51648351648352",76,15,"16,483516483516482",30,10
225,29102024_132622,only-text,"69,23076923076923",63,28,"30,76923076923077",30,10
226,29102024_132622,only-year,"85,71428571428571",78,13,"14,285714285714285",30,10
227,29102024_132622,only-compound,"73,62637362637363",67,24,"26,373626373626376",30,10
228,29102024_132957,sentiment,"86,81318681318682",79,12,"13,186813186813188",30,10
229,29102024_132957,only-pos-neg-neu,"86,81318681318682",79,12,"13,186813186813188",30,10
230,29102024_132957,only-year-compound,"87,91208791208791",80,11,"12,087912087912088",30,10
231,29102024_132957,only-text,"84,61538461538461",77,14,"15,384615384615385",30,10
232,29102024_132957,only-year,"96,7032967032967",88,3,"3,296703296703297",30,10
233,29102024_132957,only-compound,"79,12087912087912",72,19,"20,87912087912088",30,10
234,29102024_133333,sentiment,"84,61538461538461",77,14,"15,384615384615385",30,10
235,29102024_133333,only-pos-neg-neu,"76,92307692307693",70,21,"23,076923076923077",30,10
236,29102024_133333,only-year-compound,"84,61538461538461",77,14,"15,384615384615385",30,10
237,29102024_133333,only-text,"78,02197802197803",71,20,"21,978021978021978",30,10
238,29102024_133333,only-year,"84,61538461538461",77,14,"15,384615384615385",30,10
239,29102024_133333,only-compound,"78,02197802197803",71,20,"21,978021978021978",30,10
240,29102024_133714,sentiment,"73,62637362637363",67,24,"26,373626373626376",30,10
241,29102024_133714,only-pos-neg-neu,"80,21978021978022",73,18,"19,78021978021978",30,10
242,29102024_133714,only-year-compound,"90,10989010989012",82,9,"9,89010989010989",30,10
243,29102024_133714,only-text,"80,21978021978022",73,18,"19,78021978021978",30,10
244,29102024_133714,only-year,"90,10989010989012",82,9,"9,89010989010989",30,10
245,29102024_133714,only-compound,"85,71428571428571",78,13,"14,285714285714285",30,10
246,29102024_134048,sentiment,"86,81318681318682",79,12,"13,186813186813188",30,10
247,29102024_134048,only-pos-neg-neu,"81,31868131868131",74,17,"18,681318681318682",30,10
248,29102024_134048,only-year-compound,"91,20879120879121",83,8,"8,791208791208792",30,10
249,29102024_134048,only-text,"86,81318681318682",79,12,"13,186813186813188",30,10
250,29102024_134048,only-year,"84,61538461538461",77,14,"15,384615384615385",30,10
251,29102024_134048,only-compound,"82,41758241758241",75,16,"17,582417582417584",30,10
252,29102024_134419,sentiment,"85,71428571428571",78,13,"14,285714285714285",30,10
253,29102024_134419,only-pos-neg-neu,"75,82417582417582",69,22,"24,175824175824175",30,10
254,29102024_134419,only-year-compound,"86,81318681318682",79,12,"13,186813186813188",30,10
255,29102024_134419,only-text,"81,31868131868131",74,17,"18,681318681318682",30,10
256,29102024_134419,only-year,"82,41758241758241",75,16,"17,582417582417584",30,10
257,29102024_134419,only-compound,"80,21978021978022",73,18,"19,78021978021978",30,10
258,29102024_134749,sentiment,"81,31868131868131",74,17,"18,681318681318682",30,10
259,29102024_134749,only-pos-neg-neu,"80,21978021978022",73,18,"19,78021978021978",30,10
260,29102024_134749,only-year-compound,"76,92307692307693",70,21,"23,076923076923077",30,10
261,29102024_134749,only-text,"75,82417582417582",69,22,"24,175824175824175",30,10
262,29102024_134749,only-year,"83,51648351648352",76,15,"16,483516483516482",30,10
263,29102024_134749,only-compound,"83,51648351648352",76,15,"16,483516483516482",30,10
264,29102024_135120,sentiment,"84,61538461538461",77,14,"15,384615384615385",30,10
265,29102024_135120,only-pos-neg-neu,"80,21978021978022",73,18,"19,78021978021978",30,10
266,29102024_135120,only-year-compound,"85,71428571428571",78,13,"14,285714285714285",30,10
267,29102024_135120,only-text,"79,12087912087912",72,19,"20,87912087912088",30,10
268,29102024_135120,only-year,"87,91208791208791",80,11,"12,087912087912088",30,10
269,29102024_135120,only-compound,"79,12087912087912",72,19,"20,87912087912088",30,10
270,29102024_135451,sentiment,"79,12087912087912",72,19,"20,87912087912088",30,10
271,29102024_135451,only-pos-neg-neu,"82,41758241758241",75,16,"17,582417582417584",30,10
272,29102024_135451,only-year-compound,"82,41758241758241",75,16,"17,582417582417584",30,10
273,29102024_135451,only-text,"79,12087912087912",72,19,"20,87912087912088",30,10
274,29102024_135451,only-year,"83,51648351648352",76,15,"16,483516483516482",30,10
275,29102024_135451,only-compound,"79,12087912087912",72,19,"20,87912087912088",30,10
276,29102024_135831,sentiment,"78,02197802197803",71,20,"21,978021978021978",30,10
277,29102024_135831,only-pos-neg-neu,"81,31868131868131",74,17,"18,681318681318682",30,10
278,29102024_135831,only-year-compound,"86,81318681318682",79,12,"13,186813186813188",30,10
279,29102024_135831,only-text,"84,61538461538461",77,14,"15,384615384615385",30,10
280,29102024_135831,only-year,"86,81318681318682",79,12,"13,186813186813188",30,10
281,29102024_135831,only-compound,"82,41758241758241",75,16,"17,582417582417584",30,10
282,29102024_140213,sentiment,"86,81318681318682",79,12,"13,186813186813188",30,10
283,29102024_140213,only-pos-neg-neu,"84,61538461538461",77,14,"15,384615384615385",30,10
284,29102024_140213,only-year-compound,"87,91208791208791",80,11,"12,087912087912088",30,10
285,29102024_140213,only-text,"85,71428571428571",78,13,"14,285714285714285",30,10
286,29102024_140213,only-year,"86,81318681318682",79,12,"13,186813186813188",30,10
287,29102024_140213,only-compound,"83,51648351648352",76,15,"16,483516483516482",30,10
288,29102024_140614,sentiment,"80,21978021978022",73,18,"19,78021978021978",30,10
289,29102024_140614,only-pos-neg-neu,"80,21978021978022",73,18,"19,78021978021978",30,10
290,29102024_140614,only-year-compound,"85,71428571428571",78,13,"14,285714285714285",30,10
291,29102024_140614,only-text,"80,21978021978022",73,18,"19,78021978021978",30,10
292,29102024_140614,only-year,"83,51648351648352",76,15,"16,483516483516482",30,10
293,29102024_140614,only-compound,"78,02197802197803",71,20,"21,978021978021978",30,10
294,29102024_141016,sentiment,"81,31868131868131",74,17,"18,681318681318682",30,10
295,29102024_141016,only-pos-neg-neu,"82,41758241758241",75,16,"17,582417582417584",30,10
296,29102024_141016,only-year-compound,"83,51648351648352",76,15,"16,483516483516482",30,10
297,29102024_141016,only-text,"80,21978021978022",73,18,"19,78021978021978",30,10
298,29102024_141016,only-year,"80,21978021978022",73,18,"19,78021978021978",30,10
299,29102024_141016,only-compound,"81,31868131868131",74,17,"18,681318681318682",30,10
300,29102024_191425,sentiment,"78,02197802197803",71,20,"21,978021978021978",30,10
301,29102024_191425,only-pos-neg-neu,"85,71428571428571",78,13,"14,285714285714285",30,10
302,29102024_191425,only-year-compound,"90,10989010989012",82,9,"9,89010989010989",30,10
303,29102024_191425,only-text,"83,51648351648352",76,15,"16,483516483516482",30,10
304,29102024_191425,only-year,"91,20879120879121",83,8,"8,791208791208792",30,10
305,29102024_191425,only-compound,"84,61538461538461",77,14,"15,384615384615385",30,10
306,29102024_191751,sentiment,"80,21978021978022",73,18,"19,78021978021978",30,10
307,29102024_191751,only-pos-neg-neu,"91,20879120879121",83,8,"8,791208791208792",30,10
308,29102024_191751,only-year-compound,"90,10989010989012",82,9,"9,89010989010989",30,10
309,29102024_191751,only-text,"92,3076923076923",84,7,"7,6923076923076925",30,10
310,29102024_191751,only-year,"87,91208791208791",80,11,"12,087912087912088",30,10
311,29102024_191751,only-compound,"90,10989010989012",82,9,"9,89010989010989",30,10
312,29102024_192114,sentiment,"83,51648351648352",76,15,"16,483516483516482",30,10
313,29102024_192114,only-pos-neg-neu,"82,41758241758241",75,16,"17,582417582417584",30,10
314,29102024_192114,only-year-compound,"87,91208791208791",80,11,"12,087912087912088",30,10
315,29102024_192114,only-text,"85,71428571428571",78,13,"14,285714285714285",30,10
316,29102024_192114,only-year,"80,21978021978022",73,18,"19,78021978021978",30,10
317,29102024_192114,only-compound,"86,81318681318682",79,12,"13,186813186813188",30,10
318,29102024_192438,sentiment,"80,21978021978022",73,18,"19,78021978021978",30,10
319,29102024_192438,only-pos-neg-neu,"68,13186813186813",62,29,"31,868131868131865",30,10
320,29102024_192438,only-year-compound,"89,01098901098901",81,10,"10,989010989010989",30,10
321,29102024_192438,only-text,"83,51648351648352",76,15,"16,483516483516482",30,10
322,29102024_192438,only-year,"90,10989010989012",82,9,"9,89010989010989",30,10
323,29102024_192438,only-compound,"80,21978021978022",73,18,"19,78021978021978",30,10
324,29102024_192801,sentiment,"87,91208791208791",80,11,"12,087912087912088",30,10
325,29102024_192801,only-pos-neg-neu,"72,52747252747253",66,25,"27,472527472527474",30,10
326,29102024_192801,only-year-compound,"83,51648351648352",76,15,"16,483516483516482",30,10
327,29102024_192801,only-text,"80,21978021978022",73,18,"19,78021978021978",30,10
328,29102024_192801,only-year,"84,61538461538461",77,14,"15,384615384615385",30,10
329,29102024_192801,only-compound,"71,42857142857143",65,26,"28,57142857142857",30,10
330,29102024_193128,sentiment,"82,41758241758241",75,16,"17,582417582417584",30,10
331,29102024_193128,only-pos-neg-neu,"80,21978021978022",73,18,"19,78021978021978",30,10
332,29102024_193128,only-year-compound,"87,91208791208791",80,11,"12,087912087912088",30,10
333,29102024_193128,only-text,"82,41758241758241",75,16,"17,582417582417584",30,10
334,29102024_193128,only-year,"83,51648351648352",76,15,"16,483516483516482",30,10
335,29102024_193128,only-compound,"85,71428571428571",78,13,"14,285714285714285",30,10
336,29102024_193510,sentiment,"83,51648351648352",76,15,"16,483516483516482",30,10
337,29102024_193510,only-pos-neg-neu,"81,31868131868131",74,17,"18,681318681318682",30,10
338,29102024_193510,only-year-compound,"90,10989010989012",82,9,"9,89010989010989",30,10
339,29102024_193510,only-text,"79,12087912087912",72,19,"20,87912087912088",30,10
340,29102024_193510,only-year,"89,01098901098901",81,10,"10,989010989010989",30,10
341,29102024_193510,only-compound,"83,51648351648352",76,15,"16,483516483516482",30,10
342,29102024_193848,sentiment,"81,31868131868131",74,17,"18,681318681318682",30,10
343,29102024_193848,only-pos-neg-neu,"85,71428571428571",78,13,"14,285714285714285",30,10
344,29102024_193848,only-year-compound,"89,01098901098901",81,10,"10,989010989010989",30,10
345,29102024_193848,only-text,"82,41758241758241",75,16,"17,582417582417584",30,10
346,29102024_193848,only-year,"85,71428571428571",78,13,"14,285714285714285",30,10
347,29102024_193848,only-compound,"78,02197802197803",71,20,"21,978021978021978",30,10
348,29102024_194238,sentiment,"86,81318681318682",79,12,"13,186813186813188",30,10
349,29102024_194238,only-pos-neg-neu,"80,21978021978022",73,18,"19,78021978021978",30,10
350,29102024_194238,only-year-compound,"89,01098901098901",81,10,"10,989010989010989",30,10
351,29102024_194238,only-text,"81,31868131868131",74,17,"18,681318681318682",30,10
352,29102024_194238,only-year,"84,61538461538461",77,14,"15,384615384615385",30,10
353,29102024_194238,only-compound,"82,41758241758241",75,16,"17,582417582417584",30,10
354,29102024_194621,sentiment,"78,02197802197803",71,20,"21,978021978021978",30,10
355,29102024_194621,only-pos-neg-neu,"86,81318681318682",79,12,"13,186813186813188",30,10
356,29102024_194621,only-year-compound,"92,3076923076923",84,7,"7,6923076923076925",30,10
357,29102024_194621,only-text,"87,91208791208791",80,11,"12,087912087912088",30,10
358,29102024_194621,only-year,"80,21978021978022",73,18,"19,78021978021978",30,10
359,29102024_194621,only-compound,"90,10989010989012",82,9,"9,89010989010989",30,10
360,29102024_203849,sentiment,"80,21978021978022",73,18,"19,78021978021978",30,10
361,29102024_203849,only-pos-neg-neu,"73,62637362637363",67,24,"26,373626373626376",30,10
362,29102024_203849,only-year-compound,"93,4065934065934",85,6,"6,593406593406594",30,10
363,29102024_203849,only-text,"81,31868131868131",74,17,"18,681318681318682",30,10
364,29102024_203849,only-year,"85,71428571428571",78,13,"14,285714285714285",30,10
365,29102024_203849,only-compound,"76,92307692307693",70,21,"23,076923076923077",30,10
366,29102024_204312,sentiment,"81,31868131868131",74,17,"18,681318681318682",30,10
367,29102024_204312,only-pos-neg-neu,"80,21978021978022",73,18,"19,78021978021978",30,10
368,29102024_204312,only-year-compound,"82,41758241758241",75,16,"17,582417582417584",30,10
369,29102024_204312,only-text,"76,92307692307693",70,21,"23,076923076923077",30,10
370,29102024_204312,only-year,"73,62637362637363",67,24,"26,373626373626376",30,10
371,29102024_204312,only-compound,"75,82417582417582",69,22,"24,175824175824175",30,10
372,29102024_204735,sentiment,"69,23076923076923",63,28,"30,76923076923077",30,10
373,29102024_204735,only-pos-neg-neu,"87,91208791208791",80,11,"12,087912087912088",30,10
374,29102024_204735,only-year-compound,"87,91208791208791",80,11,"12,087912087912088",30,10
375,29102024_204735,only-text,"94,5054945054945",86,5,"5,4945054945054945",30,10
376,29102024_204735,only-year,"86,81318681318682",79,12,"13,186813186813188",30,10
377,29102024_204735,only-compound,"86,81318681318682",79,12,"13,186813186813188",30,10
378,29102024_205146,sentiment,"83,51648351648352",76,15,"16,483516483516482",30,10
379,29102024_205146,only-pos-neg-neu,"79,12087912087912",72,19,"20,87912087912088",30,10
380,29102024_205146,only-year-compound,"87,91208791208791",80,11,"12,087912087912088",30,10
381,29102024_205146,only-text,"79,12087912087912",72,19,"20,87912087912088",30,10
382,29102024_205146,only-year,"84,61538461538461",77,14,"15,384615384615385",30,10
383,29102024_205146,only-compound,"82,41758241758241",75,16,"17,582417582417584",30,10
384,29102024_205528,sentiment,"83,51648351648352",76,15,"16,483516483516482",30,10
385,29102024_205528,only-pos-neg-neu,"81,31868131868131",74,17,"18,681318681318682",30,10
386,29102024_205528,only-year-compound,"85,71428571428571",78,13,"14,285714285714285",30,10
387,29102024_205528,only-text,"80,21978021978022",73,18,"19,78021978021978",30,10
388,29102024_205528,only-year,"86,81318681318682",79,12,"13,186813186813188",30,10
389,29102024_205528,only-compound,"82,41758241758241",75,16,"17,582417582417584",30,10
