title,writers,text
CMon People,Paul McCartney,"Well, we're going to, yeah, we're going to[SEP*] Get it right this time[SEP*] We're going to, really going to[SEP*] Raise it to the sky[SEP*] People are ready to forgive a few mistakes[SEP*] But let's get started, form a party[SEP*] Don't you know how long it takes?[SEP*] C'mon people, let the fun begin[SEP*] We've got a future and it's rushing in[SEP*] Call all the minstrels from the ancient shrine[SEP*] Pass down the message that it's right this time[SEP*] Well, I'm trying to, yeah, I'm crying to[SEP*] Lay it on the line[SEP*] We're trying to, really dying to[SEP*] Get it right this time[SEP*] So many yearning for the way it's gonna be[SEP*] Believe it when you see it happening to you[SEP*] You know it's real[SEP*] C'mon people, let the world begin[SEP*] We've got a future and it's charging in[SEP*] We'll make the best of all we have and more[SEP*] We'll do what never has been done before[SEP*] Oh yeah[SEP*] Oh yeah, oh yeah[SEP*] Oh yeah[SEP*] Oh yeah, oh yeah[SEP*] Well, I'm going to, yeah, I'm going to[SEP*] Get it right this time[SEP*] I'm going to, really going to[SEP*] Raise it to the sky[SEP*] I must admit I may have made a few mistakes[SEP*] But let's get started, form a party[SEP*] Don't you know how long it takes?[SEP*] So c'mon people, let the fun begin[SEP*] We've got a future and it's rushing in[SEP*] Call all the minstrels from the ancient shrine[SEP*] Pass down the message that it's right this time[SEP*] Oh yeah[SEP*] Oh yeah, oh yeah[SEP*] Oh yeah[SEP*] Oh yeah, oh yeah[SEP*] C'mon people, let the world begin[SEP*] We've got a future and it's charging in[SEP*] So c'mon people[SEP*] C'mon, c'mon, c'mon, c'mon, c'mon, c'mon[SEP*] C'mon people, oh yeah[SEP*] C'mon, c'mon[SEP*] Yeah, c'mon people"
The Pound is Sinking,Paul McCartney,"The pound is sinking[SEP*] The peso's falling[SEP*] The lira's reeling and feeling quite appalling[SEP*] The mark is holding, the franc is fading[SEP*] The drachma's very weak, but everyone's still trading[SEP*] The market's bottom has fallen right out[SEP*] And only the strong are survivors[SEP*] Well, I fear, my dear, that it's eminently clear[SEP*] That you can't see the trees for the forest[SEP*] Your father was an extraordinary man[SEP*] But you don't seem to have inherited many of his mannerisms[SEP*] Oh, any of his mannerisms[SEP*] The dollar's moving, the ruble's rising[SEP*] The yen is keeping up, which hardly seems surprising[SEP*] The market's bottom has fallen right out[SEP*] And only the stout are survivors[SEP*] Hear me, my lover (Hear me lover)[SEP*] I can't be held responsible now (Oh no, it wasn't me)[SEP*] For something that didn't happen (I didn't do it anyway)[SEP*] I knew you for a minute[SEP*] Oh, it didn't happen only for a minute[SEP*] Your heart just wasn't in it anymore[SEP*] Mmm, hmm[SEP*] The pound is sinking, the peso's falling[SEP*] The lira's reeling and feeling quite appalling[SEP*] Ooh, ooh, ooh"
Ballroom Dancing,Paul McCartney,"Well, I used to smile when I was a pup[SEP*] Sailing down the Nile in a china cup[SEP*] With the recipe for a lovely day[SEP*] Sticking out of my back pocket[SEP*] But it wasn't always such a pretty sight[SEP*] 'Cause we used to fight like cats and dogs[SEP*] Then we made it up in the ballroom[SEP*] Ballroom dancing made a man of me[SEP*] One, two, three, four[SEP*] I just plain adore your ballroom dancing[SEP*] Seen it on TV[SEP*] I got what I got from ballroom dancing[SEP*] Big B.D.[SEP*] Well, I used to fly when I was a kid[SEP*] And I didn't cry if it hurt a bit[SEP*] On a carpet ride to a foreign land[SEP*] At the time of Davy Crockett[SEP*] But it wasn't always such a pretty sight[SEP*] 'Cause we used to fight like cats and dogs[SEP*] Till we made it up in the ballroom[SEP*] Ballroom dancing made a man of me[SEP*] One, two, three, four[SEP*] I just plain adore your ballroom dancing[SEP*] Seen it on TV[SEP*] I got quite a lot from ballroom dancing[SEP*] Big B.D.[SEP*] ... I can tell you the band is ready. We're starting with the first of five dancers in this competition: that's the cha-cha-cha![SEP*] Well, it went so fast and we all grew up[SEP*] Now the days that passed in the china cup[SEP*] Are the memories of another day[SEP*] And I wouldn't want to knock it[SEP*] But it wasn't always such a pretty sight[SEP*] 'Cause we used to fight like cats and dogs[SEP*] Then we made it up in the ballroom[SEP*] Ballroom dancing made a man of me[SEP*] One, two, three, four[SEP*] I just plain adore your ballroom dancing[SEP*] Seen it on TV[SEP*] I got quite a lot from ballroom dancing[SEP*] Big B.D.[SEP*] Oh!"
Queenie Eye,Paul McCartney,"There were rules you never told me[SEP*] Never came up with a plan[SEP*] All the stories that you sold me[SEP*] Didn't help me understand[SEP*] But I had to get it worked out[SEP*] Had nobody who could help[SEP*] So then in the end it turned out[SEP*] That I had to do it[SEP*] By myself[SEP*] That's the game of rags to riches[SEP*] Dogs and bitches hunt for fame[SEP*] Until you think you know which way to turn[SEP*] Make the day all the switches[SEP*] Wicked witches fan the flame[SEP*] Careful what you touch in case you burn[SEP*] Queenie eye queenie eye who's got the ball[SEP*] I haven't got it, it isn't in my pocket[SEP*] O-U-T spells out[SEP*] That's out[SEP*] Without a shadow of a doubt[SEP*] She could put it in a pout[SEP*] Hear the people shout[SEP*] Hear the people shout[SEP*] Play the game, taking chances[SEP*] Every dance is much the same[SEP*] Doesn't matter which event you choose[SEP*] Never blame the circumstances[SEP*] With romances seldom came[SEP*] Never pick a fight you're gonna lose[SEP*] Queenie eye queenie eye who's got the ball[SEP*] I haven't got it, it isn't in my pocket[SEP*] O-U-T spells out[SEP*] That's out[SEP*] Without a shadow of a doubt[SEP*] She could put it in a pout[SEP*] Hear the people shout[SEP*] Hear the people shout[SEP*] It's a long way, to the finish[SEP*] When you've never been before[SEP*] I was nervous, but I did it[SEP*] Now I'm going back for more[SEP*] Ey, yeah ey yeah yeah[SEP*] Ey, yeah ey yeah yeah[SEP*] Hear the people shout[SEP*] Ey, yeah ey yeah yeah[SEP*] Queenie eye queenie eye who's got the ball[SEP*] I haven't got it, it isn't in my pocket[SEP*] O-U-T spells out[SEP*] That's out[SEP*] Without a shadow of a doubt[SEP*] She could put it in a pout[SEP*] Hear the people shout[SEP*] Hear the people shout"
It's Not True,Paul McCartney,"Some people say she's a bad girl[SEP*] Some people think she's a fool[SEP*] Some people tell me she's no good[SEP*] But I'm telling you[SEP*] It's not true, it's not true, it's not true[SEP*] They say that my girl's a mad girl[SEP*] No saying what she might do[SEP*] Some people tell me she's crazy[SEP*] But I'm telling you[SEP*] It's not true, it's not true, it's not true[SEP*] Ooh...ooh...ooh... They've been talking to the fellas[SEP*] Ooh...ooh...ooh... Have they never heard of jealousy?[SEP*] Ooh...ooh...ooh... If she helps me write the melody[SEP*] I'll let the words take care of themselves[SEP*] It's not true, it's not true, it's not true[SEP*] It's not true, it's not true, it's not true[SEP*] Ooh...ooh...ooh... They've been talking to the fellas[SEP*] Ooh...ooh...ooh... Have they never heard of jealousy?[SEP*] Ooh...ooh...ooh... If she helps me write the memories[SEP*] I'll let the words take care of themselves[SEP*] Some people say she's a loser[SEP*] Some people tell me that she's through[SEP*] Some people say I don't love her[SEP*] But I'm telling you[SEP*] It's not true, it's not true, it's not true[SEP*] What they're saying about her isn't true[SEP*] Don't you know it isn't true?[SEP*] It's not true..."
Somebody Who Cares,Paul McCartney,"When your body is coming apart at the seams[SEP*] And the whole thing's feeling low[SEP*] You're convincing yourself[SEP*] That there's nobody there, I know[SEP*] I know how you feel[SEP*] Like somebody has taken the wheels off your car[SEP*] When you had somewhere to go[SEP*] Well, it's annoying[SEP*] Not going to get very far, I know[SEP*] But somebody cares[SEP*] There's always someone, somewhere, you should know by now[SEP*] Always somebody who cares[SEP*] It's happening day in, day out[SEP*] Well, you know by now[SEP*] Always somebody who cares[SEP*] And if you don't know it, how will it find you?[SEP*] How will we know your whereabouts?[SEP*] But I know how you feel[SEP*] I know how you feel[SEP*] Like somebody has taken the wheels off your car[SEP*] When you had somewhere to go[SEP*] Well, it's frustrating[SEP*] Not going to get very far, I know[SEP*] But somebody cares[SEP*] There's always someone, somewhere, you should know by now[SEP*] Always somebody who cares[SEP*] It's happening day in, day out[SEP*] Well, you know by now[SEP*] Always somebody who cares[SEP*] And if you don't know it, how will it find you?[SEP*] How will we know your whereabouts?[SEP*] But I know how you feel"
On My Way To Work,Paul McCartney,On my way to work[SEP*] I rode a big green bus[SEP*] I could see everything[SEP*] From the upper deck[SEP*] People came and went[SEP*] Smoking cigarettes[SEP*] I picked the packets up[SEP*] When the people left[SEP*] But all the time I thought of you[SEP*] How far away the future seemed[SEP*] How could I have so many dreams?[SEP*] And one of them not come true[SEP*] On my way to work[SEP*] I bought a magazine[SEP*] Inside a pretty girl[SEP*] Who liked to water-ski[SEP*] She came from Chichester[SEP*] To study history[SEP*] She had removed her clothes[SEP*] For the likes of me[SEP*] But all the time I thought of you[SEP*] How would you know that I was there[SEP*] How could I soul-search everywhere[SEP*] Without knowing what to do[SEP*] On my way to work[SEP*] As I was clocking in[SEP*] I could see everything[SEP*] How it came to be[SEP*] People come and go[SEP*] Smoking cigarettes[SEP*] I pick the packets up[SEP*] When the people leave[SEP*] But all the time I think of you[SEP*] How far away the future seems[SEP*] How could I have so many dreams[SEP*] And one of them not come true[SEP*] On my way to work[SEP*] But all the time I thought of you[SEP*] How would you know that I was there[SEP*] How could I soul-search everywhere[SEP*] Without knowing what to do[SEP*] On my way to work[SEP*] On my way to work
Talk More Talk,Paul McCartney,"A master can highlight the phrases[SEP*] Sleazy instruments, half talked, half baked ideas...[SEP*] Dad, you didn't say O.K....[SEP*] The window was open, outside was a spaceship[SEP*] (A master can highlight the phrases) It took off into the sky[SEP*] Leaving a trail of smoke behind it...[SEP*] Short of the standard[SEP*] Was it the sun?[SEP*] What was rehearsal?[SEP*] Conventional drum?[SEP*] Not quite a hundred[SEP*] Less than a ton[SEP*] Clearly the time came, the plan had begun[SEP*] With talk, more talk[SEP*] Chat, more chat[SEP*] Words of a feather are worn in a hat[SEP*] Talk, more talk[SEP*] Chat, more chat[SEP*] I'm happy to do it for you...[SEP*] Developed since earlier days at the school[SEP*] Cheapest sensations were used as a rule[SEP*] Outstanding to memory, major free flow[SEP*] Bio-degradable, look out below for...[SEP*] Talk, more talk[SEP*] Oh I love to hear the gentle sound[SEP*] Of conversation sprinkled around[SEP*] A room where I can be at one with you for...[SEP*] Talk, more talk[SEP*] Chat, more chat[SEP*] Words of a feather are worn in a hat[SEP*] Talk, more talk[SEP*] Chat, more chat[SEP*] Happy to do it for you...[SEP*] I'm happy to do it for you...[SEP*] I'm happy to do it for you[SEP*] I'm happy to do it[SEP*] I'm happy to do it...[SEP*] I'm happy to do it for you[SEP*] Digital organ, finishing stretch[SEP*] Instrumentation, analogue Gretsch[SEP*] Not quite a thousand, lower than that[SEP*] Possible bargain for listening at that...[SEP*] Talk, more talk[SEP*] Chat, more chat[SEP*] Words of a feather are worn in a hat[SEP*] Talk, more talk[SEP*] Chat, more chat[SEP*] I'm happy to do it for you...[SEP*] All you want is a handyman[SEP*] And all you want is quick service[SEP*] Because I'm a house owner[SEP*] I'm a house owner[SEP*] It may be worth something someday[SEP*] I hear water going through the pipes[SEP*] I don't actually like sitting down music[SEP*] Music is idea[SEP*] Talk, more talk[SEP*] Chat, more chat[SEP*] Words of a feather are worn in a hat[SEP*] Talk, more talk[SEP*] Chat, more chat[SEP*] A master can tell[SEP*] Highlight the phrases[SEP*] His words to digress[SEP*] Grey flannel trousers...[SEP*] Grey flannel trousers[SEP*] A blazer and grey flannel trousers"
Tug of War,Paul McCartney,"It's a tug of war[SEP*] What with one thing and another[SEP*] It's a tug of war[SEP*] We expected more[SEP*] But with one thing and another[SEP*] We were trying to outdo each other[SEP*] In a tug of war[SEP*] In another world[SEP*] In another world[SEP*] We could stand on top of the mountain[SEP*] With our flag unfurled[SEP*] In a time to come[SEP*] In a time to come[SEP*] We will be dancing to the beat played[SEP*] On a different drum[SEP*] It's a tug of war[SEP*] Though I know I mustn't grumble[SEP*] It's a tug of war[SEP*] But I can't let go[SEP*] If I do you'll take a tumble[SEP*] And the whole thing is going to crumble[SEP*] It's a tug of war[SEP*] In years to come they may discover[SEP*] What the air we breathe and the life we lead[SEP*] Are all about[SEP*] But it won't be soon enough[SEP*] Soon enough for me[SEP*] No it won't be soon enough[SEP*] Soon enough for me[SEP*] In another world[SEP*] We could stand on top of the mountain[SEP*] With our flag unfurled[SEP*] In a time to come we will be dancing to the beat played[SEP*] On a different drum[SEP*] We will be dancing to the beat[SEP*] Played on a different drum[SEP*] We will be dancing to the beat[SEP*] Played on a different drum[SEP*] It's a tug of war, (a tug of war, a tug of war)[SEP*] What with one thing and another[SEP*] It's a tug of war[SEP*] We expected more[SEP*] But with one thing and another[SEP*] We were trying to outscore each other[SEP*] In a tug of war"
Dress Me Up As A Robber,Paul McCartney,"Well you can dress me up as a robber[SEP*] But I won't be in disguise[SEP*] Only love is a robber[SEP*] And he lives within your eyes[SEP*] Ooh, ooh eee ooh[SEP*] You can dress me up as a sailor[SEP*] But I'll never run to sea[SEP*] As long as your love is available to me[SEP*] What do I do with a sea of blue?[SEP*] Ooh, eee ooh[SEP*] Pa pa, pa pa, pa-ra-ra[SEP*] It doesn't make a difference[SEP*] What you want to do[SEP*] Whichever way you look at it[SEP*] I'm still in love with you[SEP*] If we go on forever[SEP*] I may never make a change[SEP*] And if I don't convince you[SEP*] You needn't look too far[SEP*] To see that I'm not lying[SEP*] 'Cause I love you the way you are[SEP*] And what's the point of changing[SEP*] When I'm happy as I am?[SEP*] Well you can dress me up as a soldier[SEP*] But I wouldn't know what for[SEP*] I was the one that told you he loved you[SEP*] Don't wanna go to another war[SEP*] No, no, no[SEP*] Pa, pa pa, pa-ra-ra"
Wanderlust,Paul McCartney,"Light out Wanderlust[SEP*] Head us out to sea[SEP*] Captain says there'll be a bust[SEP*] This one's not for me[SEP*] Take us from the dark[SEP*] Out where we can see[SEP*] Captain's out to make his mark[SEP*] This one's not to be[SEP*] Light out Wanderlust[SEP*] Help us to be free[SEP*] Light out Wanderlust[SEP*] Do it just for me[SEP*] Wanderlust[SEP*] Oh, where did I go wrong, my love?[SEP*] What petty crime was I found guilty of?[SEP*] What better time to find a brand new day?[SEP*] Oh - Wanderlust away[SEP*] Light out Wanderlust[SEP*] Help us to be free[SEP*] Light out Wanderlust[SEP*] Do it just for me[SEP*] Wanderlust[SEP*] Captain's out to make his mark[SEP*] This one's not to be[SEP*] Light out Wanderlust[SEP*] (Oh where did I go wrong, my love?)[SEP*] Head us out to sea[SEP*] (What petty crime was I found guilty of?)[SEP*] Captain says there'll be a bust[SEP*] (What better time to find a brand new day?)[SEP*] This one's not for me[SEP*] (Oh - Wanderlust away)[SEP*] Dropping a line[SEP*] Maybe this time[SEP*] It's wanderlust for me"
Early Days,Paul McCartney,"They can't take it from me, if they try[SEP*] I lived through those early days[SEP*] So many times I had to change the pain to laughter[SEP*] Just to keep from getting crazed[SEP*] Dressed in black from head to toe[SEP*] Two guitars across our backs[SEP*] We would walk the city roads[SEP*] Seeking someone who would listen to the music[SEP*] That we were writing down at home[SEP*] But they can't take it from me, if they try[SEP*] I lived through those early days[SEP*] So many times I had to change the pain to laughter[SEP*] Just to keep from getting crazy[SEP*] Hair slicked back with Vaseline[SEP*] Like the pictures on the wall[SEP*] Of the local record shop[SEP*] Hearing noises we were destined to remember[SEP*] We willed the thrill to never stop[SEP*] May sweet memories of friends from the past[SEP*] Always come to you, when you look for them[SEP*] And your inspiration, long may it last[SEP*] May it come to you time and time again[SEP*] Now everybody seems to have their own opinion[SEP*] Who did this and who did that[SEP*] But as for me I don't see how they can remember[SEP*] When they weren't where it was at[SEP*] And they can't take it from me, if they try[SEP*] I lived through those early days[SEP*] So many times I had to change the pain to laughter[SEP*] Just to keep from getting crazy[SEP*] I lived through those early days[SEP*] I lived through those early days"
Take It Away,Paul McCartney,"Take it away[SEP*] Want to hear you play[SEP*] Till the lights go down[SEP*] Take it away[SEP*] Don't you want to stay[SEP*] Till there's no one else around?[SEP*] Take it away[SEP*] Want to hear you play[SEP*] Till the lights go down[SEP*] Take it away[SEP*] Don't you want to stay[SEP*] Till there's no one else around?[SEP*] Lonely driver[SEP*] Out on the road[SEP*] With a hundred miles to go[SEP*] Sole survivor[SEP*] Carrying the load[SEP*] Switches on his radio[SEP*] Take it away[SEP*] Want to hear you play[SEP*] Till the lights go down (down down)[SEP*] Take it away[SEP*] Don't you want to stay[SEP*] Till there's no one else around?[SEP*] Take it away[SEP*] Want to hear you play[SEP*] Till the lights go down (down down)[SEP*] Take it away[SEP*] Don't you want to stay[SEP*] Till there's no one else around?[SEP*] In the audience[SEP*] Watching the show[SEP*] With a paper in his hand[SEP*] (In his hand, in his hand)[SEP*] Some important impresario[SEP*] Has a message for the band[SEP*] Oh[SEP*] Take it away[SEP*] Want to hear you play[SEP*] Till the lights go down (down down)[SEP*] Take it away[SEP*] Don't you want to stay[SEP*] Till there's no one else around?[SEP*] You never know who may be[SEP*] Listening to you[SEP*] Never know who may be[SEP*] Listening to you[SEP*] You never know who may be[SEP*] Listening to you[SEP*] Take it away, take it away[SEP*] After hours[SEP*] Late in the bar[SEP*] By a darkened corner seat[SEP*] Faded flowers wait in the jar[SEP*] Till the evening is complete"
Stranglehold,Paul McCartney,"Can I get you to give me a minute of your time?[SEP*] Can I get you to slip me the answer?[SEP*] Can I get you to slow me a little of your mime?[SEP*] You were always a very good dancer[SEP*] I'd be happy to show you a bit of what I found[SEP*] I'd be happy to share in its beauty[SEP*] I'd be happy to lay low inevitably bound[SEP*] I would only be doing my duty[SEP*] I wait, I wait, I can wait, I can wait back in the bar[SEP*] I can wait, I can wait, I can wait back in the car[SEP*] I'll be waiting for you[SEP*] Stranglehold, you know you've got on me[SEP*] I don't want to go without you[SEP*] Stranglehold, you've got me where you want me[SEP*] But I want to know more about you[SEP*] I want to know more about you[SEP*] Are you willing to wager a little of your life?[SEP*] Are you willing to take such a gamble?[SEP*] Are you ready to walk on the edge of the knife?[SEP*] Then I think we can skip the preamble[SEP*] I wait, I wait, I can wait, I can't wait back in the bar[SEP*] I can wait, I can wait, I can wait back in the car[SEP*] I'll be waiting for you[SEP*] I'll be waiting...[SEP*] Stranglehold, you know, you've got on me[SEP*] I don't want to go without you[SEP*] Stranglehold, you've got me where you want me[SEP*] And I want to know more about you[SEP*] I want to know more about you[SEP*] I can wait, I can wait back in the bar[SEP*] I can wait, I can wait, I can wait back in the car[SEP*] I'll be waiting for you"
Only Love Remains,Paul McCartney,"And if you take your love away from me[SEP*] I'm only going to want it back[SEP*] I'll probably pretend I didn't see[SEP*] But knowing me, I'll want you back again, and again[SEP*] 'Til the word has lost its meaning[SEP*] And love is all that stays[SEP*] Only love remains[SEP*] If you should ever feel that something's wrong[SEP*] I'm going to want to put it right[SEP*] To bring a happy ending to our song[SEP*] I'll carry on believing in a love[SEP*] If your love was to trickle through my fingers[SEP*] What would it leave me with?[SEP*] Only love remains[SEP*] Only love[SEP*] Old enough and strong enough to stretch across the world[SEP*] Taking the sand inside an oyster, changing it into a pearl[SEP*] Making another magic transformation[SEP*] Find the right boy for the right girl[SEP*] When all our friends have gone away and we're alone[SEP*] There's nothing left to show about[SEP*] Together we'll explore the great unknown[SEP*] I'd say we won't be going out tonight[SEP*] Let tonight be the one that we remember[SEP*] When love is all that stays[SEP*] Only love remains[SEP*] Only love remains"
Spies Like Us,Paul McCartney,"Ooh ooh what do you do[SEP*] No one else can dance like you[SEP*] So what's all the fuss[SEP*] There ain't nobody that spies like us[SEP*] Hey hey what do you say[SEP*] Someone took your plans away[SEP*] So what's all the fuss[SEP*] There ain't nobody that spies like us[SEP*] Hey don't feel afraid[SEP*] Of an undercover aid[SEP*] There's no need to fuss[SEP*] There ain't nobody that spies like us[SEP*] Spies like us[SEP*] We don't know the meaning of fear[SEP*] We play every minute by year[SEP*] One for all and all for one[SEP*] Everybody's on the run[SEP*] Especially at this time of year[SEP*] Ooh ooh what do you do[SEP*] No one else can dance like you[SEP*] So what's all the fuss[SEP*] There ain't nobody got spies like us[SEP*] Hey hey what do you say[SEP*] No one else can look that way[SEP*] So what's all the fuss[SEP*] There ain't nobody that spies like us[SEP*] We get there by hook or by crook[SEP*] We don't do a thing by the book[SEP*] Never needed special clothes[SEP*] How we did it no one knows[SEP*] I guess we must have had what it took[SEP*] Ooh ooh, ooh[SEP*] Oh when things get tough[SEP*] (Oh when things get tough)[SEP*] Guys like us act rough[SEP*] (Guys like us act rough)[SEP*] Hey hey what do you say[SEP*] Someone took your plans away[SEP*] So what's all the fuss[SEP*] There ain't nobody that spies like us[SEP*] Spies like us"
Here Today,Paul McCartney,"And if I said I really knew you well[SEP*] What would your answer be[SEP*] If you were here today? Ooh[SEP*] Here today[SEP*] Well, knowing you, you'd probably laugh[SEP*] And say that we were worlds apart[SEP*] If you were here today, ooh[SEP*] Here today[SEP*] But as for me[SEP*] I still remember how it was before[SEP*] And I am holding back the tears no more[SEP*] Ooh, I love you, ooh[SEP*] What about the time we met? (What about the time we met?)[SEP*] Well, I suppose that you could say that we were playing hard to get[SEP*] Didn't understand a thing[SEP*] But we could always sing[SEP*] What about the night we cried? (What about the night we cried?)[SEP*] Because there wasn't any reason left to keep it all inside?[SEP*] Never understood a word[SEP*] But you were always there with a smile[SEP*] And if I say I really loved you[SEP*] And was glad you came along[SEP*] Then you were here today, ooh[SEP*] For you were in my song, ooh[SEP*] Here today"
Can't Help Thinking About Me,David Bowie,"Question-time that says I brought dishonor[SEP*] My head's bowed in shame[SEP*] It seems that I've blackened the family name[SEP*] Mother says that she can't stand the neighbors' talking[SEP*] I've gotta pack my bags, leave this home, start walking[SEP*] I'm guilty[SEP*] I wish that I was sorry this time[SEP*] I wish that I could pay for my crime[SEP*] I can't help thinking about me[SEP*] Can't help thinking about me[SEP*] Remember when we used to go to church on Sundays[SEP*] I lay awake at night, terrified of school on Mondays[SEP*] Oh, but it's too late now[SEP*] I wish I was a child again[SEP*] I wish I felt secure again[SEP*] I can't help thinking about me[SEP*] Can't help thinking about me[SEP*] As I pass a recreation ground[SEP*] I remember my friends, always been found and I can't[SEP*] Can't help thinking about me[SEP*] Now I leave them all in the never-never land[SEP*] The station seems so cold, the ticket's in my hand[SEP*] My girl calls my name, ""Hi Dave""[SEP*] Drop in, see around, come back[SEP*] If you're this way again[SEP*] Oh, I'm on my own[SEP*] I've got a long way to go[SEP*] I hope I make it on my own[SEP*] I can't help thinking about me[SEP*] Can't help thinking about me[SEP*] Oh, my past is gone[SEP*] And though I can't help thinking about me[SEP*] I can't help thinking about me[SEP*] I can't help thinking about me[SEP*]"
Be My Wife,David Bowie,Sometimes you get so lonely[SEP*] Sometimes you get nowhere[SEP*] I've lived all over the world[SEP*] I've left every place[SEP*] Please be mine[SEP*] Share my life[SEP*] Stay with me[SEP*] Be my wife[SEP*] Sometimes you get so lonely[SEP*] Sometimes you get nowhere[SEP*] I've lived all over the world[SEP*] I've left every place[SEP*] Please be mine[SEP*] Share my life[SEP*] Stay with me[SEP*] Be my wife[SEP*]
All the Young Dudes,David Bowie,"Well, Billy rapped all night about his suicide[SEP*] How he'd kick it in the head when he was twenty-five[SEP*] Speed jive, don't wanna stay alive when you're twenty-five[SEP*] And Wendy's stealing clothes from Marks and Sparks[SEP*] And Freddie's got spots from ripping off the stars from his face[SEP*] Funky little boat race[SEP*] Television man is crazy[SEP*] Saying we're juvenile delinquent wrecks[SEP*] Oh, man, I need TV when I got T. Rex[SEP*] Oh, brother, you guessed[SEP*] I'm a dude, dad[SEP*] All the young dudes[SEP*] Carry the news[SEP*] Boogaloo dudes[SEP*] Carry the news[SEP*] All the young dudes[SEP*] Carry the news[SEP*] Boogaloo dudes[SEP*] Carry the news[SEP*] Now, Lucy looks sweet 'cause he dresses like a queen[SEP*] But he can kick like a mule, it's a real mean team[SEP*] But we can love, oh, yes, we can love[SEP*] And my brother's back at home with his Beatles and his Stones[SEP*] We never got it off on that revolution stuff[SEP*] What a drag, too many snags[SEP*] Now I've drunk a lot of wine and I'm feeling fine[SEP*] Gonna race some cat to bed[SEP*] Oh, is this concrete all around[SEP*] Or is it in my head?[SEP*] Oh, brother, you guessed[SEP*] I'm a dude, dad[SEP*] All the young dudes[SEP*] Carry the news[SEP*] Boogaloo dudes[SEP*] Carry the news[SEP*] All the young dudes[SEP*] Carry the news[SEP*] Boogaloo dudes[SEP*] Carry the news[SEP*] All the young dudes[SEP*] Carry the news[SEP*] Boogaloo dudes[SEP*] Carry the news[SEP*] All the young dudes[SEP*] Carry the news[SEP*] Boogaloo dudes[SEP*] Carry the news[SEP*] All the young dudes[SEP*] Carry the news[SEP*] Boogaloo dudes[SEP*] Carry the news"
Absolute Beginners,David Bowie,"I've nothing much to offer[SEP*] There's nothing much to take[SEP*] I'm an absolute beginner[SEP*] And I'm absolutely sane[SEP*] As long as we're together[SEP*] The rest can go to hell[SEP*] I absolutely love you[SEP*] But we're absolute beginners[SEP*] With eyes completely open[SEP*] But nervous all the same[SEP*] If our love song[SEP*] Could fly over mountains[SEP*] Could laugh at the ocean[SEP*] Just like the films[SEP*] There's no reason[SEP*] To feel all the hard times[SEP*] To lay down the hard lines[SEP*] It's absolutely true[SEP*] Nothing much could happen[SEP*] Nothing we can't shake[SEP*] Oh, we're absolute beginners[SEP*] With nothing much at stake[SEP*] As long as you're still smiling[SEP*] There's nothing more I need[SEP*] I absolutely love you[SEP*] But we're absolute beginners[SEP*] But if my love is your love[SEP*] We're certain to succeed[SEP*] If our love song[SEP*] Could fly over mountains[SEP*] Could sail over heartaches[SEP*] Just like the films[SEP*] There's no reason[SEP*] To feel all the hard times[SEP*] To lay down the hard lines[SEP*] It's absolutely true"
Black Tie White Noise,David Bowie,"Getting my facts from a Benetton ad[SEP*] I'm looking through African eyes[SEP*] Lit by the glare of an L.A. fire[SEP*] I've got a face, not just my race[SEP*] Bang, bang, I've got you babe[SEP*] Black tie, white noise[SEP*] Black tie, white noise[SEP*] I've got a face, not just my race[SEP*] Bang, bang, I've got you babe[SEP*] Black tie, white noise[SEP*] Black tie, white noise[SEP*] Big screen dolls, tits and explosions[SEP*] Sleepy time, bashful, but passion is bashing as passion's as deep as an ocean[SEP*] And the space between us is as deep as an ocean[SEP*] I've got a face, not just my race[SEP*] Bang, bang, I've got you babe[SEP*] Black tie, white noise[SEP*] Black tie, white noise[SEP*] I've got a face, not just my race[SEP*] Bang, bang, I've got you babe[SEP*] Black tie, white noise[SEP*] Black tie, white noise[SEP*] The police won't find the love in me, I smile and show my teeth[SEP*] Last night I slept with a stranger[SEP*] For the first time since you've gone[SEP*] Regretfully, I say I never wanted any one so much[SEP*] I want you more than I can say[SEP*] Bang, bang, I've got you babe[SEP*] Black tie, white noise[SEP*] Black tie, white noise[SEP*] Bang, bang, I've got you babe[SEP*] Black tie, white noise[SEP*] Black tie, white noise"
All The Madmen,David Bowie,"Day after day[SEP*] They send my friends away[SEP*] To mansions cold and grey[SEP*] To the far side of town[SEP*] Where the thin men stalk the streets[SEP*] While the sane stay underground[SEP*] Day after day[SEP*] They tell me I can go[SEP*] They tell me I can blow[SEP*] To the far side of town[SEP*] Where it's pointless to be high[SEP*] 'Cause it's such a long way down[SEP*] So I tell them that I can fly, I will scream, I will break my arm[SEP*] I will do me harm[SEP*] Here I stand, foot in hand, talking to my wall[SEP*] I'm not quite right at all, am I?[SEP*] Don't set me free, I'm as heavy as can be[SEP*] Just my librium and me, and my E.S.T. makes three[SEP*] 'Cause I'd rather stay here with all the madmen[SEP*] Than perish with the sadmen roaming free[SEP*] And I'd rather play here with all the madmen[SEP*] For I'm quite content they're all as sane as me[SEP*] (Where can the horizon lie)[SEP*] (When a nation hides its organic minds in a cellar)[SEP*] (Dark and grim, they must be very dim)[SEP*] Day after day[SEP*] They take some brain away[SEP*] Then turn my face around[SEP*] To the far side of town[SEP*] And tell me that it's real[SEP*] Then ask me how I feel[SEP*] Here I stand, foot in hand, talking to my wall[SEP*] I'm not quite right at all[SEP*] Don't set me free, I'm as helpless as can be[SEP*] My librium and me, and my E.S.T. makes three[SEP*] 'Cause I'd rather stay here with all the madmen[SEP*] Than perish with the sadmen roaming free[SEP*] And I'd rather play here with all the madmen[SEP*] For I'm quite content they're all as sane as me[SEP*] Zane, Zane, Zane[SEP*] Ouvre le chien[SEP*] Zane, Zane, Zane[SEP*] Ouvre le chien[SEP*] Zane, Zane, Zane[SEP*] Ouvre le chien[SEP*] Zane, Zane, Zane[SEP*] Ouvre le chien"
Heathen,David Bowie,Steel on the skyline[SEP*] Sky made of glass[SEP*] Made for a real world[SEP*] All things must pass[SEP*] Ooo[SEP*] Waiting for something[SEP*] Looking for someone[SEP*] Is there no reason?[SEP*] Have I stayed too long?[SEP*] Ooo[SEP*] You say you want to[SEP*] You can't believe in[SEP*] You can't believe in freedom[SEP*] Ooo[SEP*] When you don't want to[SEP*] You can't believe in[SEP*] You can't believe in freedom[SEP*] Ooo[SEP*] Ooo[SEP*] Ooo[SEP*] God is an American[SEP*] God is an American[SEP*] Ooo[SEP*] God is an American[SEP*] God is an American[SEP*] Ooo[SEP*] Ooo[SEP*] Ooo
The Bewlay Brothers,David Bowie,"And so the story goes they wore the clothes[SEP*] They said the things to make it seem improbable[SEP*] The whale of a lie like they hope it was[SEP*] And the Goodmen of Tomorrow had their feet in the wallow[SEP*] And their heads of Brawn were nicer shorn[SEP*] And how they bought their positions with saccharin and trust[SEP*] The world was asleep to our latent fuss[SEP*] Sighings swirl through the streets like the crust of the sun[SEP*] The Bewlay Brothers[SEP*] In our Wings that Bark[SEP*] Flashing teeth of Brass[SEP*] Standing tall in the dark[SEP*] Oh, And we were Gone[SEP*] Hanging out with your Dwarf Men[SEP*] We were so turned on[SEP*] By your lack of conclusions[SEP*] I was Stone and he was Wax[SEP*] So he could scream and still relax[SEP*] Unbelievable[SEP*] And we frightened the small children away[SEP*] And our talk was old and dust would flow[SEP*] Through our veins and Lo! it was midnight[SEP*] Back o' the kitchen door[SEP*] Like the grim face on the Cathedral floor[SEP*] And the Solid Book we wrote[SEP*] Cannot be found today[SEP*] And it was stalking time for the Moonboys[SEP*] The Bewlay Brothers[SEP*] With our backs on the arch[SEP*] And if the Devil may be here[SEP*] But he can't sing about that[SEP*] Oh, And we were Gone[SEP*] Real Cool Traders[SEP*] We were so turned on[SEP*] You thought we were Fakers[SEP*] Now the Dress is hung, the ticket pawned[SEP*] The Factor Max that proved the fact[SEP*] Is melted down[SEP*] And woven on the edging of my pillow[SEP*] Now my Brother lays upon the Rocks[SEP*] He could be dead, He could be not[SEP*] He could be You[SEP*] He's Chameleon, Comedian, Corinthian and Caricature[SEP*] Shooting-up Pie-in-the-Sky[SEP*] The Bewlay Brothers[SEP*] In the feeble and the Bad[SEP*] The Bewlay Brothers[SEP*] In the Blessed and Cold[SEP*] In the Crutch-hungry dark[SEP*] Was where we flayed our Mark[SEP*] Oh, And we were Gone[SEP*] Kings of Oblivion[SEP*] We were so turned on[SEP*] In the Mind-Warp Pavilion[SEP*] Lay me place and bake me Pie[SEP*] I'm starving for me Gravy[SEP*] Leave my shoes, and door unlocked[SEP*] I might just slip away[SEP*] Just for the Day[SEP*] Hey, Please come Away[SEP*] Hey, Please come Away[SEP*] Please come Away[SEP*] Hey, Please come Away[SEP*] Please come Away[SEP*] Hey, Please come Away[SEP*] Please come Away[SEP*]"
Beauty and the Beast,David Bowie,"Weaving down a byroad, singing the song[SEP*] That's my kind of highroad, gone wrong[SEP*] My-my[SEP*] Smile at least[SEP*] You can't say no to the beauty and the beast[SEP*] Something in the night[SEP*] Something in the day[SEP*] Nothing is wrong, but darling, something's in the way[SEP*] There's slaughter in the air[SEP*] Protest on the wind[SEP*] Someone else inside me[SEP*] Someone could get skinned, how?[SEP*] My-my[SEP*] Someone fetch a priest[SEP*] You can't say no to the beauty and the beast[SEP*] Darling[SEP*] My-my[SEP*] You can't say no to the beauty and the beast[SEP*] Liebling[SEP*] My-my[SEP*] You can't say no to the beauty and the beast[SEP*] I wanted to believe me[SEP*] I wanted to be good[SEP*] I wanted no distractions[SEP*] Like every good boy should[SEP*] My-my[SEP*] Nothing will corrupt us[SEP*] Nothing will compete[SEP*] Thank God heaven left us[SEP*] Standing on our feet[SEP*] My-my[SEP*] Beauty and the beast[SEP*] My-my[SEP*] Just beauty and the beast[SEP*]"
Bombers,David Bowie,"All clear, wail the sirens[SEP*] Sunshine on the wasteland[SEP*] Old man sitting in the white sand[SEP*] Think we're in for a big surprise, right between the eyes[SEP*] Seemed a good idea to drop a bomb on the wasteland here[SEP*] Only one man could be seen and he was old and so serene[SEP*] Captain sat in his deck chair and the red light flashed ""Beware""[SEP*] Pilot felt quite big-time as the bomb sailed through the air[SEP*] Well, they danced and sang when the bang went bang[SEP*] When the lights popped out and the smoke began to clear[SEP*] It was positively queer[SEP*] All clear, wail the sirens[SEP*] Sunshine on the wasteland[SEP*] Old man sitting in the white sand[SEP*] Think we're in for a big surprise, right between the eyes[SEP*] Seemed a good idea to drop a bomb on the wasteland here[SEP*] Only one man could be seen and he was old and so serene[SEP*] Well, they danced and sang when the bang went bang[SEP*] When the lights popped out and the smoke began to clear[SEP*] It was positively queer[SEP*] All clear, wail the sirens[SEP*] Sunshine on the wasteland[SEP*] Old man sitting in the white sand[SEP*] Think we're in for a big surprise, right between the eyes[SEP*] Seemed a good idea to drop a bomb on the wasteland here[SEP*] Only one man could be seen and he was old and so serene[SEP*] Captain sat in his deck chair and the red light flashed ""Beware""[SEP*] Pilot felt quite big-time as the bomb sailed through the air[SEP*] Well, they danced and sang when the bang went bang[SEP*] When the lights popped out and the smoke began to clear[SEP*] It was positively queer"
Black Country Rock,David Bowie,Pack a pack horse up and rest up here on Black Country Rock[SEP*] You never know you might find it here on Black Country Rock[SEP*] Some say the view is crazy[SEP*] But you may adopt another point of view[SEP*] So if it's much too hazy[SEP*] You can leave my friend and me with fond adieu[SEP*] Pack a pack horse up and rest up here on Black Country Rock[SEP*] You never know you might find it here on Black Country Rock[SEP*] Some say the view is crazy[SEP*] But you may adopt another point of view[SEP*] So if it's much too hazy[SEP*] You can leave my friend and me with fond adieu
As the World Falls Down,David Bowie,"There’s such a sad love[SEP*] Deep in your eyes, a kind of pale jewel[SEP*] Open and closed within your eyes[SEP*] I’ll place the sky within your eyes[SEP*] There’s such a fooled heart[SEP*] Beating so fast in search of new dreams[SEP*] A love that will last within your heart[SEP*] I’ll place the moon within your heart[SEP*] As the pain sweeps through[SEP*] Makes no sense for you[SEP*] Every thrill has gone[SEP*] Wasn’t too much fun at all[SEP*] But I’ll be there for you[SEP*] As the world falls down[SEP*] Falling[SEP*] Falling down[SEP*] Falling in love[SEP*] I’ll paint you mornings of gold[SEP*] I’ll spin you Valentine evenings[SEP*] Though we’re strangers till now[SEP*] We’re choosing the path between the stars[SEP*] I’ll leave my love between the stars[SEP*] As the pain sweeps through[SEP*] Makes no sense for you[SEP*] Every thrill has gone[SEP*] Wasn’t too much fun at all[SEP*] But I’ll be there for you[SEP*] As the world falls down[SEP*] Falling[SEP*] As the world falls down[SEP*] Falling[SEP*] Falling[SEP*] As the world falls down[SEP*] Falling[SEP*] Falling[SEP*] Falling[SEP*] Falling in love[SEP*] As the world falls down[SEP*] Falling[SEP*] Falling[SEP*] Falling[SEP*] Falling in love[SEP*] As the world falls down[SEP*] Makes no sense at all[SEP*] Makes no sense at all[SEP*] Falling as the world falls down[SEP*] Falling[SEP*] Falling in love[SEP*] Falling in love[SEP*] Falling in love[SEP*] Falling in love[SEP*] Falling in love[SEP*] Falling in love[SEP*] Falling in love[SEP*]"
Baby Loves That Way,David Bowie,"Baby likes to go outside, so I let her[SEP*]Wants to fool with other guys, so I let her[SEP*]Wants to be bad, I let her be bad[SEP*]Her fooling around always make me sad[SEP*]She fools around with other boys[SEP*]Treats me like an unwanted toy[SEP*]Baby loves that way[SEP*]Baby loves that way[SEP*]Baby loves that way[SEP*]Baby loves that way[SEP*]Baby likes to go outside, so I let her[SEP*]Wants to fool with other guys, so I let her[SEP*]Wants to be bad, so I let her be bad[SEP*]Her fooling around always make me sad[SEP*]She fools around with other boys[SEP*]Treats me like an unwanted toy[SEP*]Baby loves that way[SEP*]Baby loves that way[SEP*]Baby loves that way[SEP*]Baby loves that way[SEP*]Baby loves that way[SEP*]Baby loves that way[SEP*]Baby loves that way[SEP*]Baby loves that way[SEP*]You alright?[SEP*]Alright, here we going"
Andy Warhol,David Bowie,"Like to take a cement fix[SEP*] Be a standing cinema[SEP*] Dress my friends up just for show[SEP*] See them as they really are[SEP*] Put a peephole in my brain[SEP*] Two New Pence to have a go[SEP*] I'd like to be a gallery[SEP*] Put you all inside my show[SEP*] Andy Warhol looks a scream[SEP*] Hang him on my wall[SEP*] Andy Warhol, silver screen[SEP*] Can't tell them apart at all[SEP*] Andy walking, Andy tired[SEP*] Andy take a little snooze[SEP*] Tie him up when he's fast asleep[SEP*] Send him on a pleasant cruise[SEP*] When he wakes up on the sea[SEP*] Be sure to think of me and you[SEP*] He'll think about paint and he'll think about glue[SEP*] What a jolly boring thing to do[SEP*] Andy Warhol looks a scream[SEP*] Hang him on my wall[SEP*] Andy Warhol, silver screen[SEP*] Can't tell them apart at all[SEP*] Andy Warhol looks a scream[SEP*] Hang him on my wall[SEP*] Andy Warhol, silver screen[SEP*] Can't tell them apart at all"
Day-In Day-Out,David Bowie,"Day-in, day-out[SEP*] Stay-in, fade-out[SEP*] Day-in, ooh-ooh[SEP*] Day-out, ooh-ooh-ooh[SEP*] She was born in a handbag[SEP*] Love left on a doorstep[SEP*] What she lacks is a backup[SEP*] Nothing seems to make a dent[SEP*] Gonna find her some money, honey[SEP*] Try to pay her rent[SEP*] That's the kind of protection everyone is shouting about[SEP*] Day-in, day-out[SEP*] Stay-in, fade-out[SEP*] Day-in, ooh-ooh[SEP*] Day-out, ooh-ooh-ooh[SEP*] First thing she learns is she's a citizen[SEP*] Some things they turn out right[SEP*] When you're under the USA[SEP*] Something rings a bell[SEP*] And it's all over[SEP*] She's going out her way[SEP*] Stealing for that one good rush[SEP*] Day-in, day-out[SEP*] Stay-in, fade-out[SEP*] Day-in, ooh-ooh[SEP*] Day-out, ooh-ooh-ooh[SEP*] She's got no money, honey[SEP*] She's on the run[SEP*] Pulls the eyes out of the face[SEP*] Day-in, day-out[SEP*] Stay-in, fade-out[SEP*] Day-in, ooh-ooh[SEP*] Day-out, ooh-ooh-ooh[SEP*] Day-in, day-out[SEP*] Stay-in, fade-out[SEP*] Day-in, ooh-ooh[SEP*] Day-out, ooh-ooh-ooh[SEP*] Day-in, day-out[SEP*] Day-in, day-out[SEP*] Day-in, day-out"
Karma Man,David Bowie,"Fingertip sun at sideshow stalls[SEP*]They throw the balls[SEP*]At coconut fur that hides behind[SEP*]Colored shades that blind your eyes[SEP*]Every child's mother holds an ice-cream cone[SEP*]They circle round[SEP*]Perceived unknown by an eye that peers[SEP*]From a hole in the tent where no one goes[SEP*]A figure sitting cross-legged on the floor[SEP*]He's clogged and clothed in saffron robes[SEP*]His beads are all he owns[SEP*]Slow down[SEP*]Slow down[SEP*]Someone must have said, ""Let's slow him down""[SEP*]Slow down[SEP*]Slow down[SEP*]It's pictured on the arms of the karma man[SEP*]Fairy tale skin[SEP*]Depicting scenes from human zoos[SEP*]Impermanent toys like peace and war[SEP*]A gentle face you've seen before[SEP*]Karma man tattooed on your side[SEP*]The wheel of life[SEP*]I see my times and who I've been[SEP*]I only live now and I don't know why[SEP*]I struggle hard to take these pictures in[SEP*]But All my friends can see it's just the pinkness of his skin[SEP*]Slow down[SEP*]Slow down[SEP*]Someone must have said, ""Let's slow him down""[SEP*]Slow down[SEP*]Slow down[SEP*]It's pictured on the arms of the karma man[SEP*]Slow down[SEP*]Slow down[SEP*]Someone must have said, ""Let's slow him down""[SEP*]Slow down[SEP*]Slow down[SEP*]It's pictured on the arms of the karma man"
Blue Jean,David Bowie,"Blue Jean, I just met a girl named Blue Jean[SEP*] Blue Jean, she got a camouflaged face and no money[SEP*] Remember, they always let you down when you need 'em[SEP*] Oh, Blue Jean, is heaven any sweeter than Blue Jean?[SEP*] She got a police bike[SEP*] She got a turned-up nose[SEP*] Sometimes I feel like[SEP*] (Oh, the whole human race)[SEP*] Jazzin' for Blue Jean[SEP*] (Oh, and when my Blue Jean's blue)[SEP*] Blue Jean, can send me[SEP*] Somebody send me[SEP*] Somebody send me[SEP*] (One day)[SEP*] Somebody send me[SEP*] (One day)[SEP*] Somebody send me[SEP*] (One day)[SEP*] Somebody send me[SEP*] (One day)[SEP*] I will write on it[SEP*] Don't let me know when you're opening the door[SEP*] Close me in the dark, let me disappear[SEP*] Soon there'll be nothing left of me, nothing left to release[SEP*] Blue Jean, she got a camouflaged face and no money[SEP*] Remember, they always let you down when you need 'em[SEP*] Oh, Blue Jean, is heaven any sweeter than Blue Jean?[SEP*] She got a police bike[SEP*] She got a turned-up nose[SEP*] Sometimes I feel like[SEP*] (Oh, the whole human race)[SEP*] Jazzin' for Blue Jean[SEP*] (Oh, and when my Blue Jean's blue)[SEP*] Blue Jean, can send me[SEP*] Somebody send me[SEP*] Somebody send me[SEP*] (One day)[SEP*] Somebody send me[SEP*] (One day)[SEP*] Somebody send me[SEP*] (One day)[SEP*] Somebody send me[SEP*] (One day)"
Be True,Bruce Springsteen,"Your scrapbook's filled with pictures of all your leading men[SEP*] Well baby, don't put my picture in there with them[SEP*] Don't make us some little girl's dream that can never come true[SEP*] That only serves to hurt and make you blue[SEP*] You be true to me[SEP*] And I'll be true to you[SEP*] You be true to me[SEP*] And I'll be true to you[SEP*] Everything you do[SEP*] Oh say, you do[SEP*] Sure enough baby, I'll do it too[SEP*] I met you at a party and you were talking with friends[SEP*] I asked you what your name was[SEP*] You asked me the same[SEP*] You tried to kiss me but it only made me sad[SEP*] 'Cause I was thinking of you[SEP*] And of all the times we had[SEP*] You be true to me[SEP*] And I'll be true to you[SEP*] You be true to me[SEP*] And I'll be true to you[SEP*] Everything you do[SEP*] Oh say, you do[SEP*] Sure enough baby, I'll do it too[SEP*] They say that you know a true love when it is put to the test[SEP*] It's gonna take you, it's gonna make you second guess yourself[SEP*] Don't run and hide and call it love in the end[SEP*] All the things we could have done[SEP*] Instead of wonderin' what might have been[SEP*] You be true to me[SEP*] And I'll be true to you[SEP*] You be true to me[SEP*] And I'll be true to you[SEP*] Everything you do[SEP*] Oh say, you do[SEP*] Sure enough baby, I'll do it too[SEP*] Sure enough baby, I'll do it too[SEP*] Sure enough baby, I'll do it too"
Cover Me,Bruce Springsteen,"The times are tough now[SEP*] Just getting tougher[SEP*] This old world is rough[SEP*] It's just getting rougher[SEP*] Cover me[SEP*] Come on, baby, cover me[SEP*] Well, I'm looking for a lover who will come on in and cover me[SEP*] Promise me, baby[SEP*] You won't let them find us[SEP*] Hold me in your arms[SEP*] Let's let our love blind us[SEP*] Cover me[SEP*] Shut the door and cover me[SEP*] Well, I'm looking for a lover who will come on in and cover me[SEP*] Outside's the rain[SEP*] The driving snow[SEP*] I can hear the wild wind blowing[SEP*] Turn out the light[SEP*] Bolt the door[SEP*] I ain't going out there no more[SEP*] This whole world is out there just trying to score[SEP*] I've seen enough, I don't want to see any more[SEP*] Cover me[SEP*] Come on and cover me[SEP*] Well, I'm looking for a lover who will come on in and cover me[SEP*] Outside's the rain[SEP*] The driving snow[SEP*] I can hear the wild wind blowing[SEP*] Turn out the light[SEP*] Bolt the door[SEP*] I ain't going out there no more[SEP*] Cover me[SEP*] Come on and cover me[SEP*] Well, I'm looking for a lover who will come on in and cover me"
Born to Run,Bruce Springsteen,"In the day we sweat it out on the streets of a runaway American dream[SEP*] At night we ride through mansions of glory in suicide machines[SEP*] Sprung from cages on Highway 9[SEP*] Chrome-wheeled, fuel-injected, and steppin' out over the line[SEP*] Oh, baby, this town rips the bones from your back[SEP*] It's a death trap, it's a suicide rap[SEP*] We gotta get out while we're young[SEP*] 'Cause tramps like us, baby, we were born to run[SEP*] Yes, girl, we were[SEP*] Wendy, let me in, I wanna be your friend[SEP*] I want to guard your dreams and visions[SEP*] Just wrap your legs 'round these velvet rims[SEP*] And strap your hands across my engines[SEP*] Together, we could break this trap[SEP*] We'll run 'til we drop, baby, we'll never go back[SEP*] Oh, will you walk with me out on the wire?[SEP*] 'Cause, baby, I'm just a scared and lonely rider[SEP*] But I gotta know how it feels[SEP*] I want to know if love is wild, babe[SEP*] I want to know if love is real[SEP*] Oh, can you show me?[SEP*] Beyond the palace, hemi-powered drones scream down the boulevard[SEP*] The girls comb their hair in rearview mirrors[SEP*] And the boys try to look so hard[SEP*] The amusement park rises bold and stark[SEP*] Kids are huddled on the beach in a mist[SEP*] I wanna die with you, Wendy, on the streets tonight[SEP*] In an everlasting kiss[SEP*] The highway's jammed with broken heroes on a last-chance power drive[SEP*] Everybody's out on the run tonight[SEP*] But there's no place left to hide[SEP*] Together, Wendy, we can live with the sadness[SEP*] I'll love you with all the madness in my soul[SEP*] Oh, someday, girl, I don't know when[SEP*] We're gonna get to that place where we really wanna go[SEP*] And we'll walk in the sun[SEP*] But 'til then, tramps like us[SEP*] Baby, we were born to run[SEP*] Oh, honey, tramps like us[SEP*] Baby, we were born to run[SEP*] Come on, Wendy, tramps like us[SEP*] Baby, we were born to run"
Dancing in the Dark,Bruce Springsteen,"I get up in the evening[SEP*] And I ain't got nothing to say[SEP*] I come home in the morning[SEP*] I go to bed feeling the same way[SEP*] I ain't nothing but tired[SEP*] Man, I'm just tired and bored with myself[SEP*] Hey there, baby, I could use just a little help[SEP*] You can't start a fire[SEP*] You can't start a fire without a spark[SEP*] This gun's for hire[SEP*] Even if we're just dancing in the dark[SEP*] Messages keep getting clearer[SEP*] Radio's on, and I'm moving 'round the place[SEP*] I check my look in the mirror[SEP*] Wanna change my clothes, my hair, my face[SEP*] Man, I ain't getting nowhere[SEP*] I'm just living in a dump like this[SEP*] There's something happening somewhere[SEP*] Baby, I just know that there is[SEP*] You can't start a fire[SEP*] You can't start a fire without a spark[SEP*] This gun's for hire[SEP*] Even if we're just dancing in the dark[SEP*] You sit around getting older[SEP*] There's a joke here somewhere, and it's on me[SEP*] I'll shake this world off my shoulders[SEP*] Come on, baby, the laugh's on me[SEP*] Stay on the streets of this town[SEP*] And they'll be carving you up all right[SEP*] They say you gotta stay hungry[SEP*] Hey baby, I'm just about starving tonight[SEP*] I'm dying for some action[SEP*] I'm sick of sitting 'round here trying to write this book[SEP*] I need a love reaction[SEP*] Come on now, baby, gimme just one look[SEP*] You can't start a fire sitting 'round crying over a broken heart[SEP*] This gun's for hire[SEP*] Even if we're just dancing in the dark[SEP*] You can't start a fire worrying about your little world falling apart[SEP*] This gun's for hire[SEP*] Even if we're just dancing in the dark[SEP*] Even if we're just dancing in the dark[SEP*] Even if we're just dancing in the dark[SEP*] Even if we're just dancing in the dark"
Blinded by the Light,Bruce Springsteen,"Blinded by the light[SEP*] Revved up like a deuce[SEP*] Another runner in the night[SEP*] Blinded by the light[SEP*] Revved up like a deuce[SEP*] Another runner in the night[SEP*] Madman drummers bummers and Indians in the summer with a teenage diplomat[SEP*] In the dumps with the mumps as the adolescent pumps his way into his hat[SEP*] With a boulder on my shoulder[SEP*] Feelin' kinda older[SEP*] I tripped the merry-go-round[SEP*] With this very unpleasin' sneezin' and wheezin'[SEP*] The calliope crashed to the ground[SEP*] The calliope crashed to the ground[SEP*] But she was blinded by the light[SEP*] Revved up like a deuce[SEP*] Another runner in the night[SEP*] Blinded by the light[SEP*] She got down but she never got tight[SEP*] She's gonna make it through the night[SEP*] Some silicone sister with a manager mister told me I got what it takes[SEP*] She said I'll turn you on sonny to something strong[SEP*] Play the song with the funky break[SEP*] And go-kart Mozart[SEP*] Was checkin' out the weather chart[SEP*] To see if it was safe outside[SEP*] And little Early-Pearly[SEP*] Came by in his curly-wurly[SEP*] And asked me if I needed a ride[SEP*] Asked me if I needed a ride[SEP*] But she was blinded by the light[SEP*] Revved up like a deuce[SEP*] Another runner in the night[SEP*] Blinded by the light[SEP*] She got down but she never got tight[SEP*] She's gonna make it through the night[SEP*] She's gonna make it through the night[SEP*] But mama, that's where the fun is[SEP*] But mama, that's where the fun is[SEP*] Mama always told me not to look into the sights of the sun[SEP*] Oh, but mama, that's where the fun is[SEP*] Blinded by the light[SEP*] Revved up like a deuce[SEP*] Another runner in the night[SEP*] Blinded by the light[SEP*] Revved up like a deuce[SEP*] Another runner in the night[SEP*] Blinded by the light[SEP*] Revved up like a deuce[SEP*] Another runner in the night[SEP*] Blinded by the light[SEP*] Revved up like a deuce[SEP*] Another runner in the night"
Bobby Jean,Bruce Springsteen,"Well, I came by your house the other day, your mother said you went away[SEP*] She said there was nothing that I could have done, there was nothing nobody could say[SEP*] Me and you, we've known each other ever since we were sixteen[SEP*] I wished I would have known, I wished I could have called you, just to say goodbye, Bobby Jean[SEP*] Now, you hung with me when all the others turned away, turned up their nose[SEP*] We liked the same music, we liked the same bands, we liked the same clothes[SEP*] Yeah, we told each other that we were the wildest, the wildest things we'd ever seen[SEP*] Now, I wished you would have told me, I wished I could have talked to you, just to say goodbye, Bobby Jean[SEP*] Now, we went walking in the rain, talking about the pain that from the world we hid[SEP*] Now, there ain't nobody, nowhere, nohow gonna ever understand me the way you did[SEP*] Maybe you'll be out there on that road somewhere, in some bus or train, traveling along[SEP*] In some motel room, there'll be a radio playing, and you'll hear me sing this song[SEP*] Well, if you do, you'll know I'm thinking of you and all the miles in between[SEP*] And I'm just calling one last time, not to change your mind, but just to say I miss you, baby[SEP*] Good luck, goodbye, Bobby Jean"
Better Days,Bruce Springsteen,Well my soul checked out missing as I sat listening to the hours and minutes tickin' away[SEP*] Yeah just sittin' around waitin' for my life to begin while it was all just slippin' away[SEP*] I'm tired of waitin' for tomorrow to come or that train to come roarin' 'round the bend[SEP*] I got a new suit of clothes a pretty red rose and a woman I can call my friend[SEP*] These are better days baby[SEP*] Yeah there's better days shining through[SEP*] These are better days baby[SEP*] Better days with a girl like you[SEP*] Well I took a piss at fortune's sweet kiss[SEP*] It's like eatin' caviar and dirt[SEP*] It's a sad funny ending to find yourself pretending[SEP*] A rich man in a poor man's shirt[SEP*] Now my ass was draggin' when from a passin' gypsy wagon your heart like a diamond shone[SEP*] Tonight I'm layin' in your arms carvin' lucky charms out of these hard luck bones[SEP*] These are better days baby[SEP*] These are better days it's true[SEP*] These are better days[SEP*] Better days are shining through[SEP*] Now a life of leisure and a pirate's treasure don't make much for tragedy[SEP*] But it's a sad man my friend who's livin' in his own skin and can't stand the company[SEP*] Every fool's got a reason to feelin' sorry for himself and turn his heart to stone[SEP*] Tonight this fool's halfway to heaven and just a mile outta hell[SEP*] And I feel like I'm comin' home[SEP*] These are better days baby[SEP*] There's better days shining through[SEP*] These are better days[SEP*] Better days with a girl like you[SEP*] These are better days baby[SEP*] These are better days it's true[SEP*] These are better days[SEP*] Better days are shining through
Backstreets,Bruce Springsteen,"One soft infested summer[SEP*] Me and Terry became friends[SEP*] Trying in vain to breathe the fire we was born in[SEP*] Catching rides to the outskirts, tying faith between our teeth[SEP*] Sleeping in that old abandoned beach house, getting wasted in the heat[SEP*] And hiding on the backstreets[SEP*] Hiding on the backstreets[SEP*] With a love so hard and filled with defeat[SEP*] Running for our lives at night on them backstreets[SEP*] Slow dancing in the dark on the beach at Stockton's Wing[SEP*] Where desperate lovers park, we sat with the last of the Duke Street Kings[SEP*] Huddled in our cars, waiting for the bells that ring[SEP*] In the deep heart of the night, we let loose of everything[SEP*] To go running on the backstreets[SEP*] Running on the backstreets[SEP*] We swore we'd live forever[SEP*] On the backstreets we take it together[SEP*] Ended up wounded, not even dead[SEP*] Tonight in jungle land[SEP*] When the breakdown hit at midnight[SEP*] There was nothing left to say but[SEP*] I hated him and I hated you when you went away[SEP*] Laying here in the dark, you're like an angel on my chest[SEP*] Just another tramp of hearts crying tears of faithlessness[SEP*] Remember all the movies, Terry, we'd go see[SEP*] Trying to learn how to walk like the heroes we thought we had to be[SEP*] And after all this time to find we're just like all the rest[SEP*] Stranded in the park and forced to confess[SEP*] To hiding on the backstreets[SEP*] Hiding on the backstreets[SEP*] We swore forever friends on the backstreets 'til the end[SEP*] Hiding on the backstreets[SEP*] Hiding on the backstreets"
Brilliant Disguise,Bruce Springsteen,"I hold you in my arms[SEP*] As the band plays[SEP*] What are those words whispered, baby, just as you turn away?[SEP*] I saw you last night[SEP*] Out on the edge of town[SEP*] I want to read your mind[SEP*] To know just what I've got in this new thing I've found[SEP*] So tell me what I see[SEP*] When I look in your eyes[SEP*] Is that you, baby[SEP*] Or just a brilliant disguise?[SEP*] I heard somebody call your name[SEP*] From underneath our willow[SEP*] I saw something tucked in shame underneath your pillow[SEP*] Well, I've tried so hard, baby[SEP*] But I just can't see[SEP*] What a woman like you is doing with me[SEP*] So tell me who I see[SEP*] When I look in your eyes[SEP*] Is that you, baby[SEP*] Or just a brilliant disguise?[SEP*] Now look at me, baby[SEP*] Struggling to do everything right[SEP*] And then it all falls apart[SEP*] When out go the lights[SEP*] I'm just a lonely pilgrim[SEP*] I walk this world in wealth[SEP*] I want to know if it's you I don't trust[SEP*] 'Cause I damn sure don't trust myself[SEP*] Now you play the loving woman[SEP*] I'll play the faithful man[SEP*] But just don't look too close into the palm of my hand[SEP*] We stood at the altar[SEP*] The gypsy swore our future was right[SEP*] But come the wee, wee hours[SEP*] Maybe, baby, the gypsy lied[SEP*] So when you look at me[SEP*] You better look hard and look twice[SEP*] Is that me, baby[SEP*] Or just a brilliant disguise?[SEP*] Tonight our bed is cold[SEP*] I'm lost in the darkness of our love[SEP*] God have mercy on the man[SEP*] Who doubts what he's sure of"
American Land,Bruce Springsteen,"What is this land America so many travel there[SEP*] I'm going now while I'm still young, my darling, meet me there[SEP*] Wish me luck, my lovely, I'll send for you when I can[SEP*] And we'll make our home in the American land[SEP*] Over there all the women wear silk and satin to their knees[SEP*] And children dear, the sweets, I hear, are growing on the trees[SEP*] Gold comes rushing out the rivers straight into your hands[SEP*] If you make your home in the American land[SEP*] There's diamonds in the sidewalk, there's gutters lined in song[SEP*] Dear, I hear that beer flows through the faucets all night long[SEP*] There's treasure for the taking, for any hard-working man[SEP*] Who will make his home in the American land[SEP*] I docked at Ellis Island in a city of light and spire[SEP*] I wandered to the valley of red-hot steel and fire[SEP*] We made the steel that built the cities with our sweat and two hands[SEP*] And we made our home in the American land[SEP*] There's diamonds in the sidewalk, there's gutters lined in song[SEP*] Dear, I hear that beer flows through the faucets all night long[SEP*] There's treasure for the taking, for any hard-working man[SEP*] Who will make his home in the American land[SEP*] The McNicholas, the Posalskis, the Smiths, Zerillis too[SEP*] The Blacks, the Irish, Italians, the Germans, and the Jews[SEP*] They come across the water a thousand miles from home[SEP*] With nothing in their bellies but the fire down below[SEP*] They died building the railroads, they worked to bones and skin[SEP*] They died in the fields and factories, names scattered in the wind[SEP*] They died to get here a hundred years ago, they're still dyin' now[SEP*] The hands that built the country, we're always trying to keep down[SEP*] There's diamonds in the sidewalk, there's gutters lined in song[SEP*] Dear, I hear that beer flows through the faucets all night long[SEP*] There's treasure for the taking, for any hard-working man[SEP*] Who will make his home in the American land[SEP*] Who will make his home in the American land[SEP*] Who will make his home in the American land"
Backwater,Brian Eno,"Backwater, we're sailing at the edges of time[SEP*] Backwater, we're drifting at the waterline[SEP*] Oh, we're floating in the coastal waters[SEP*] You and me and the porter's daughters[SEP*] Ooh, what to do, not a sausage to do[SEP*] And the shorter of the porter's daughters[SEP*] Dips her hand in the deadly waters[SEP*] Ooh, what to do in a tiny canoe[SEP*] Blackwater, there were six of us but now we are five[SEP*] We're all talking to keep the conversation alive[SEP*] There was a senator from Ecuador[SEP*] Who talked about a meteor that crashed on a hill in the south of Peru[SEP*] And was found by a conquistador who took it to the emperor[SEP*] And he passed it on to a Turkish guru[SEP*] His daughter was slated for becoming divine[SEP*] He taught her, he taught her how to split and define[SEP*] But if you study the logistics and heuristics of the mystics[SEP*] You will find that their minds rarely move in a line[SEP*] So it's much more realistic to abandon such ballistics[SEP*] And resign to be trapped on a leaf in the vine[SEP*] Backwater, we're sailing at the edges of time[SEP*] Backwater, we're drifting at the waterline[SEP*] Oh, we're floating in the coastal waters[SEP*] You and me and the porter's daughters[SEP*] Ooh, what to do, not a sausage to do[SEP*] And the shorter of the porter's daughters[SEP*] Dips her hand in the deadly waters[SEP*] Ooh, what to do in a tiny canoe"
No One Receiving,Brian Eno,"It will shine and it will shudder as I guide it with my rudder[SEP*] On its metalled ways[SEP*] It will cut the night before it as it leaves the day behind it[SEP*] On its metalled ways[SEP*] Nobody passes us in the deep quiet of the dark sky[SEP*] I am satisfied, hiding in my friend's home[SEP*] Nobody passes us in the deep quiet of the dark sky[SEP*] I am satisfied, hiding in my friend's home[SEP*] It will shine and it will shudder as I guide it with my rudder[SEP*] On its metalled ways[SEP*] It will cut the night before it as it leaves the day behind it[SEP*] On its metalled ways[SEP*] Nobody passes us in the deep quiet of the dark sky[SEP*] I am satisfied, hiding in my friend's home[SEP*] Nobody passes us in the deep quiet of the dark sky[SEP*] I am satisfied, hiding in my friend's home[SEP*] There's no one receiving[SEP*] There's no one receiving[SEP*] There's no one receiving"
St. Elmo's Fire,Brian Eno,"Brown eyes and I was tired[SEP*] We had walked and we had scrambled[SEP*] Through the moors and through the briars[SEP*] Through the endless blue meanders[SEP*] In the blue August moon[SEP*] In the cool August moon[SEP*] Over the nights and through the fires[SEP*] We went surging down the wires[SEP*] Through the towns and on the highways[SEP*] Through the storms and all their thundering[SEP*] In the blue August moon[SEP*] In the cool August moon[SEP*] Then we rested in a desert[SEP*] Where the bones were white as teeth, sir[SEP*] And we saw St. Elmo's Fire[SEP*] Splitting ions in the ether[SEP*] In the blue August moon[SEP*] In the cool August moon[SEP*] Brown eyes and I was tired[SEP*] We had walked and we had scrambled[SEP*] Through the moors and through the briars[SEP*] Through the endless blue meanders[SEP*] In the blue August moon[SEP*] In the cool August moon"
I'll Come Running,Brian Eno,"I'll find a place somewhere in the corner[SEP*] I'm gonna waste the rest of my days[SEP*] Just watching patiently from the window[SEP*] Just waiting, seasons change, some day[SEP*] Oh, oh, my dreams will pull you through that garden gate[SEP*] I want to be the wandering sailor[SEP*] We're silhouettes by the light of the moon[SEP*] I sit playing solitaire by the window[SEP*] Just waiting, seasons change, ah-hah, you'll see[SEP*] Oh, oh, my dreams will pull you through that garden gate[SEP*] I'll come running to tie your shoe[SEP*] I'll come running to tie your shoe[SEP*] I'll come running to tie your shoe[SEP*] I'll come running to tie your shoe[SEP*] I'll come running to tie your shoe[SEP*] I'll come running to tie your shoe[SEP*] I'll come running to tie your shoe[SEP*] I'll come running to tie your shoe"
Baby's on Fire,Brian Eno,"Baby's on fire[SEP*] Better throw her in the water[SEP*] Look at her laughing[SEP*] Like a heifer to the slaughter[SEP*] Baby's on fire[SEP*] And all the laughing boys are bitching[SEP*] Waiting for photos[SEP*] Oh, the plot is so bewitching[SEP*] Rescuers row, row[SEP*] Do your best to change the subject[SEP*] Blow the wind, blow, blow[SEP*] Lend some assistance to the object[SEP*] Photographer snip-snap[SEP*] Take your time, she's only burning[SEP*] This kind of experience[SEP*] Is necessary for her learning[SEP*] If you'll be my flotsam[SEP*] I could be half the man I used to[SEP*] They said you were hot stuff[SEP*] And that's what baby's been reduced to[SEP*] Juanita and Juan[SEP*] Very clever with maracas[SEP*] Making their fortunes[SEP*] Selling second-hand tobaccos[SEP*] Juan dances at Chico's[SEP*] And when the clients are evicted[SEP*] He empties the ashtrays[SEP*] And pockets all that he's collected[SEP*] But baby's on fire[SEP*] And all the instruments agree that[SEP*] Her temperature's rising[SEP*] But any idiot would know that"
King's Lead Hat,Brian Eno,"Dark alley (dark alley), black star[SEP*] Four turkeys in a big black car[SEP*] The road is shiny, the wheels slide[SEP*] Four turkeys going for a dangerous ride[SEP*] The lacquer crackles, black-and-blue[SEP*] The waves are dirty, the sea is too[SEP*] The lights are smoky, the fire is green[SEP*] The beams are bending, and the turning's clean[SEP*] King's lead hat put the innocence inside her[SEP*] It will come, it will come, it will surely come[SEP*] King's lead hat put the innocence inside her[SEP*] It will come, it will come, it will surely come[SEP*] The jacket's hanging (the jacket's hanging), and the light is tanned[SEP*] The jacket's hanging, and the light is tanned[SEP*] You have to know it from the band[SEP*] If the jacket's hanging, and the light is tanned[SEP*] You're so thin, there's so much light in you[SEP*] And if the road's shiny and the wheels slide[SEP*] King's lead hat put the innocence inside her[SEP*] It will come, it will come, it will surely come[SEP*] King's lead hat put the innocence inside her[SEP*] It will come, it will come, it will surely come"
Golden Hours,Brian Eno,"The passage of time is flicking dimly up on the screen[SEP*] I can't see the lines I used to think I could read between[SEP*] Perhaps my brains have turned to sand[SEP*] Oh me, oh my, I think it's been an eternity[SEP*] You'd be surprised at my degree of uncertainty[SEP*] How can moments go so slow[SEP*] Several times I've seen the evening slide away[SEP*] Watching the signs taking over from the fading day[SEP*] Perhaps my brains are old and scrambled[SEP*] Several times I've seen the evening slide away[SEP*] Watching the signs taking over from the fading day[SEP*] Changing water into wine[SEP*] Several times I've seen the evening slide away[SEP*] Watching the signs taking over from the fading day[SEP*] Putting grapes back on the vine"
Everything Merges With the Night,Brian Eno,"Rosalie[SEP*] I've been waiting all evening[SEP*] Possibly years, I don't know[SEP*] Counting the passing hours[SEP*] Everything merges with the night[SEP*] I stand on the beach[SEP*] Giving out descriptions[SEP*] Different for everyone I see[SEP*] Since I just can't remember[SEP*] Long ago[SEP*] I used to be a young man[SEP*] And dear Rosalie, the daughter of the banker[SEP*] He would tell me[SEP*] That he understood[SEP*] Then he'd let me sit inside of his car[SEP*] He said to me[SEP*] ""You look out of place""[SEP*] ""Guess it's lucky you're going so far"""
